
; 64tass Turbo Assembler Macro V1.60.3243 listing file
; 64tass -a -o target/uos-ultimate.prg -L target/uos-ultimate.lst src/uos-ultimate.asm
; Tue Sep  8 19:03:17 2026

;Offset	;Hex		;Monitor	;Source

;******  Processing input file: src/uos-ultimate.asm


;******  Processing file: src/equates.inc

=$02					r0              =       $02
=$02					r0L             =       $02
=$03					r0H             =       $03
=$04					r1              =       $04
=$04					r1L             =       $04
=$05					r1H             =       $05
=$06					r2              =       $06
=$06					r2L             =       $06
=$07					r2H             =       $07
=$08					r3              =       $08
=$08					r3L             =       $08
=$09					r3H             =       $09
=$0a					r4              =       $0a
=$0a					r4L             =       $0a
=$0b					r4H             =       $0b
=$0c					r5              =       $0c
=$0c					r5L             =       $0c
=$0d					r5H             =       $0d
=$0e					r6              =       $0e
=$0e					r6L             =       $0e
=$0f					r6H             =       $0f
=$10					r7              =       $10
=$10					r7L             =       $10
=$11					r7H             =       $11
=$12					r8              =       $12
=$12					r8L             =       $12
=$13					r8H             =       $13
=$14					r9              =       $14
=$14					r9L             =       $14
=$15					r9H             =       $15
=$16					r10             =       $16
=$16					r10L            =       $16
=$17					r10H            =       $17
=$18					r11             =       $18
=$18					r11L            =       $18
=$19					r11H            =       $19
=$1a					r12             =       $1a
=$1a					r12L            =       $1a
=$1b					r12H            =       $1b
=$1c					r13             =       $1c
=$1c					r13L            =       $1c
=$1d					r13H            =       $1d
=$1e					r14             =       $1e
=$1e					r14L            =       $1e
=$1f					r14H            =       $1f
=$20					r15             =       $20
=$20					r15L            =       $20
=$21					r15H            =       $21
=$22					r16             =       $22
=$02					X1              =       $02
=$04					Y1              =       $04
=$06					X2              =       $06
=$08					Y2              =       $08
=$fb					a0              =       $fb
=$fb					a0L             =       $fb
=$fc					a0H             =       $fc
=$fd					a1              =       $fd
=$fd					a1L             =       $fd
=$fe					a1H             =       $fe
=$70					a2              =       $70
=$70					a2L             =       $70
=$71					a2H             =       $71
=$72					a3              =       $72
=$72					a3L             =       $72
=$73					a3H             =       $73
=$74					a4              =       $74
=$74					a4L             =       $74
=$75					a4H             =       $75
=$76					a5              =       $76
=$76					a5L             =       $76
=$77					a5H             =       $77
=$78					a6              =       $78
=$78					a6L             =       $78
=$79					a6H             =       $79
=$7a					a7              =       $7a
=$7a					a7L             =       $7a
=$7b					a7H             =       $7b
=$7c					a8              =       $7c
=$7c					a8L             =       $7c
=$7d					a8H             =       $7d
=$7e					a9              =       $7e
=$7e					a9L             =       $7e
=$7f					a9H             =       $7f

;******  Return to file: src/uos-ultimate.asm


;******  Processing file: src/routines.inc

=$0316					brkVectorlo     = $0316
=$0317					brkVectorhi     = $0317
=$0811					MAINLOOP        = $0811
=$0814					FIND_CTL        = $0814
=$0817					FS_APP          = $0817
=$081a					FS_SCREEN       = $081a
=$081d					FS_RECT         = $081d
=$0820					CLR_RECT        = $0820
=$0823					LOAD_IMM        = $0823
=$0826					APP_LOADER      = $0826
=$0829					FILLFILE        = $0829
=$082c					KEYIN           = $082c
=$082f					GETCAP          = $082f
=$0832					LAUNCH_APP      = $0832  ; file buffer -> LOADER + jmp APP_START, core-resident
=$0835					VDTEXT          = $0835  ; 80-col companion: A=row X=col r9->PETSCII (no-op if no VDC)
=$0838					VDCLR           = $0838  ; 80-col companion: A=row -> blank the row (no-op if no VDC)
=$083b					OS_TICK         = $083b  ; service the current once-per-second callback; clobbers callback registers
=$083e					READ_BUTTON     = $083e  ; A=0 while either mouse fire button is down; nonzero when released
=$7350					SETREC          = $7350
=$7355					SETREC_DISP     = $7355  ; display mode  (0=40 1=80 2=both)
=$7356					SETREC_BG       = $7356  ; desktop background colour (0-15 VIC colour)
=$7352					SETREC_VER      = $7352  ; 2 = the zone bytes below are valid
=$7353					SETREC_TZ       = $7353  ; time zone, signed quarter-hours from UTC (-48..+56)
=$7354					SETREC_TZMAG    = $7354  ; $a5 when SETREC_TZ was written by the OS
=$cc00					VDC_GETREG      = $cc00
=$cc03					VDC_SETREG      = $cc03
=$cc06					VDC_SEEK        = $cc06
=$cc09					VDC_PUTS        = $cc09
=$cc0c					VDC_PUTCHR      = $cc0c
=$cc0f					VDC_CLS         = $cc0f
=$cc12					VDC_FONTUP      = $cc12
=$cc15					VDC_INIT        = $cc15
=$cc18					VDC_PRESENT     = $cc18
=$cc1b					VDC_TEXT        = $cc1b  ; A=row X=col r9->PETSCII text on the 80-col display
=$cc1e					VDC_CLR         = $cc1e  ; A=row -> blank the row
=$cc21					VDC_BANNER      = $cc21  ; header rows 0-1
=$cc24					VDC_LIVE        = $cc24  ; byte: 1 once VDSETUP brought the 8563 up
=$23					vdcbpL          = $23
=$24					vdcbpH          = $24
=$25					vdcdpL          = $25
=$26					vdcdpH          = $26
=$1000					DESK_START      = $1000
=$2fff					DESK_END        = $2fff
=$5000					APP_START       = $5000
=$8fff					APP_END         = $8fff
=$9000					APP_CTL_TBL     = $9000
=$9000					APP_CTL_CTR     = $9000
=$9001					APP_CTL_BUF     = $9001
=$9100					APP_CTL_END     = $9100  ; 25 ten-byte control slots; TESTCLICK indexes them
=$9b00					APP_ID_TBL      = $9b00
=$9c00					REU_SIZE        = $9c00
=$9c03					REU_STASH       = $9c03
=$9c06					REU_FETCH       = $9c06
=$9c09					REU_PARAMS      = $9c09
=$9100					NET_BASE        = $9100
=37120					NET_PRESENT     = NET_BASE+$00  ; A=1 when the command interface answers
=37123					NET_CMD         = NET_BASE+$03  ; r0->bytes (target first), A=len -> A=status code, C=1 absent/timeout
=37126					NET_GETIP       = NET_BASE+$06  ; A=1 when an interface has an address (NET_IP/NET_IPSTR)
=37129					NET_OPEN        = NET_BASE+$09  ; A=7 tcp / 8 udp, r0->host, r1=port -> A=socket, C=1 failed
=37132					NET_CLOSE       = NET_BASE+$0c  ; A=socket
=37135					NET_READ        = NET_BASE+$0f  ; A=socket, r1=max -> NET_DATA+2.., NET_LEN; A: 0 ok 1 none 2 closed 3 error
=37138					NET_WRITE       = NET_BASE+$12  ; A=socket, r0->data, X=len (1..200) -> A=status code
=37141					NET_SYNC        = NET_BASE+$15  ; network check + SNTP -> CIA TOD + Ultimate RTC; A=NET_STATE
=37144					NET_APPLYNTP    = NET_BASE+$18  ; NET_DATA+2.. = 48-byte NTP reply -> time/date/TOD; A=0 ok
=37147					NET_RTCTIME     = NET_BASE+$1b  ; Ultimate RTC "YYYY/MM/DD HH:MM:SS" -> NET_DATA; A=status code
=37150					NET_TZSHIFT     = NET_BASE+$1e  ; A=signed quarter-hours -> shift the running TOD
=37153					NET_STATE       = NET_BASE+$21  ; $ff not tried, 0 ntp synced, 1 no reply, 2 no network, 3 no ultimate, 4 open failed
=37154					NET_HOUR        = NET_BASE+$22  ; local time 24 h binary
=37155					NET_MIN         = NET_BASE+$23
=37156					NET_SEC         = NET_BASE+$24
=37157					NET_YEAR        = NET_BASE+$25  ; word
=37159					NET_MON         = NET_BASE+$27
=37160					NET_DAY         = NET_BASE+$28
=37161					NET_WDAY        = NET_BASE+$29  ; 0 = sunday
=37162					NET_TZ          = NET_BASE+$2a  ; quarter-hours applied
=37163					NET_IP          = NET_BASE+$2b  ; 4 bytes
=37167					NET_IPSTR       = NET_BASE+$2f  ; dotted decimal, 0-terminated ("" = none)
=37183					NET_LEN         = NET_BASE+$3f  ; word: payload length of the last reply / read
=37185					NET_SOCK        = NET_BASE+$41
=37186					NET_STAT        = NET_BASE+$42  ; 32 bytes: last status line "NN,TEXT"
=37218					NET_DIRMODE     = NET_BASE+$62  ; 1 = READ_DIR mode (NET_CMD null-separates + counts each block)
=37219					NET_DIRN        = NET_BASE+$63  ; directory entry count after a dir read
=37220					NET_STREAM      = NET_BASE+$64  ; r0=command, r1=len(2..896), r3=callback (0=aggregate)
=37223					NET_TRUNC       = NET_BASE+$67  ; any reply data discarded; reset on each command
=37224					NET_PACKET_TRUNC = NET_BASE+$68 ; current packet clipped; raw stream packets cap at 512
=37225					NET_PACKETS     = NET_BASE+$69  ; word: number of reply packets delivered
=$8800					NET_DATA        = $8800  ; 512-byte reply buffer (socket payload at +2)
=$9e03					INIT_MOUSE      = $9e03
=$9e09					KEYIN_EXT       = $9e09
=$9e0c					KEY_EXTSEEN     = $9e0c  ; byte: sticky 1 once the C128 ESC line was seen low (tests)
=$a000					BITMAP_START    = $a000
=$c000					GFX_INIT        = $c000
=$c00f					GFX_SETPIXEL    = $c00f
=$c021					GFX_DRAWBYTEPATTERN = $c021
=$c006					GFX_ON          = $c006
=$c009					GFX_OFF         = $c009
=$c00c					GFX_SETCOLOR    = $c00c
=$c015					GFX_LINE        = $c015
=$c018					GFX_CIRCLE      = $c018
=$c01b					GPUTC           = $c01b
=$c01e					GPUTS           = $c01e

;******  Return to file: src/uos-ultimate.asm


;******  Processing file: src/macros.inc


;******  Return to file: src/uos-ultimate.asm


;******  Processing file: src/kernal.inc

=$ff81					CINT   = $FF81;  ----  FF5B  init VIC & screen editor                                                  - - -  - - -  A X Y
=$ff84					IOINIT = $FF84;  ----  FDA3  initialize CIA & IRQ                                                      - - -  - - -  A X Y
=$ff87					RAMTAS = $FF87;  ----  FD50  RAM test & search RAM end                                                 - - -  - - -  A X Y
=$ff8a					RESTOR = $FF8A;  ----  FD15  restore default I/O vectors                                               - - -  - - -  A - Y
=$ff8d					VECTOR = $FF8D;  ----  FD1A  read/set I/O vectors               in: C=0 moves from Y/X to vectors      - X Y  - X -  A - Y
=$ff90					SETMSG = $FF90;  ----  FE18  enable/disable KERNAL messages     in: A bit7=1 error msgs on             A - -  - - -  A - -
=$ff93					SECOND = $FF93;  ----  EDB9  send secondary addr after listen   in: A=secondary address                A - -  - - -  A - -
=$ff96					TKSA   = $FF96;  ----  EDC7  send secondary addr after talk     in: A=secondary address                A - -  - - -  A - -
=$ff99					MEMTOP = $FF99;  ----  FE25  read/set top of memory             in: C=0; Y/X address                   - X Y  - X Y  - - -
=$ff9c					MEMBOT = $FF9C;  ----  FE34  read/set bottom of memory          in: C=0; Y/X address                   - X Y  - X Y  - - -
=$ff9f					SCNKEY = $FF9F;  ----  EA87  scan keyboard                                                             - - -  - - -  A X Y
=$ffa2					SETTMO = $FFA2;  ----  FE21  set IEEE timeout                   in: A bit7=1 disable, bit7=0 enable    A - -  A - -  - - -
=$ffa5					ACPTR  = $FFA5;  ----  EE13  input byte from SERIAL             out:A=byte, C=1 and ST=2 if timeout    - - -  A - -  A - -
=$ffa8					CIOUT  = $FFA8;  ----  EDDD  output byte to SERIAL              in: A=byte, C=1 and ST=3 if timeout    A - -  A - -  - - -
=$ffab					UNTLK  = $FFAB;  ----  EDEF  untalk all SERIAL devices                                                 - - -  - - -  A - -
=$ffae					UNLSN  = $FFAE;  ----  EDFE  unlisten all SERIAL devices                                               - - -  - - -  A - -
=$ffb1					LISTEN = $FFB1;  ----  ED0C  make SERIAL device listen          in: A=device number                    A - -  - - -  A - -
=$ffb4					TALK   = $FFB4;  ----  ED09  make SERIAL device talk            in: A=device number                    A - -  - - -  A - -
=$ffb7					READST = $FFB7;  ----  FE07  read I/O status byte               out:A=status byte                      - - -  A - -  A - -
=$ffba					SETLFS = $FFBA;  ----  FE00  set file parameters                in: A=logical file number              A X Y  A X Y  - - -
=$ffbd					SETNAM = $FFBD;  ----  FDF9  set file name                      in: A=length of filename               A X Y  A X Y  - - -
=$ffc0					OPEN   = $FFC0;  031A  F34A  open log.file after SETLFS,SETNAM  out:A=error# if C=1                    - - -  - - -  A X Y
=$ffc3					CLOSE  = $FFC3;  031C  F291  close a logical file               in: A=logical file number              A - -  - - -  A X Y
=$ffc6					CHKIN  = $FFC6;  031E  F20E  open channel for input             in: X=logical file number              - X -  - - -  A X -
=$ffc9					CHKOUT = $FFC9;  0320  F250  open channel for output            in: X=logical file number              - X -  - - -  A X -
=$ffcc					CLRCHN = $FFCC;  0322  F333  restore default devices                                                   - - -  - - -  A X -
=$ffcf					CHRIN  = $FFCF;  0324  F157  input character                    out:A=character, C=1 and ST=error      - - -  A - -  A - -
=$ffd2					CHROUT = $FFD2;  0326  F1CA  output character                   in: A=character, C=1 and ST=error      A - -  A - -  - - -
=$ffd5					LOAD   = $FFD5;  0330  F49E  load after call SETLFS,SETNAM      in: A=0 load, a=1 verify               A X Y  A X Y  A X Y
=$ffd8					SAVE   = $FFD8;  0332  F5DD  save after call SETLFS,SETNAM      in: A=zero page pointer to start.addr  A X Y  - - -  A X Y
=$ffdb					SETTIM = $FFDB;  ----  F6E4  set jiffy clock                    in: A=MSB, X=middle, Y=LSB             A X Y  - - -  - - -
=$ffde					RDTIM  = $FFDE;  ----  F6DD  read jiffy clock                   out:A=MSB, X=middle, Y=LSB             - - -  A X Y  A X Y
=$ffe1					STOP   = $FFE1;  0328  F6ED  check stop key                     out:Z=0 if STOP not used; X unchanged  - - -  A - -  A - -
=$ffe4					GETIN  = $FFE4;  032A  F13E  get a byte from channel            out:keyboard:A=0 if puffer empty       - - -  A - -  A X Y
=$ffe7					CLALL  = $FFE7;  032C  F32F  close or abort all files                                                  - - -  - - -  A X -
=$ffea					UDTIM  = $FFEA;  ----  F69B  update jiffy clock                                                        - - -  - - -  A X -
=$ffed					SCREEN = $FFED;  ----  E505  return screen size                 out:X=columns, Y=rows                  - - -  - X Y  - X Y
=$fff0					PLOT   = $FFF0;  ----  E50A  read/set cursor position           in: C=0, X=row, Y=column               - X Y  - X Y  - - -
=$fff3					IOBASE = $FFF3;  ----  E500  returns the addr of I/O devices    out:Y/X=addr($DC00)                    - - -  - X Y  - X Y

;******  Return to file: src/uos-ultimate.asm

=8					ROWS = 8
=1					DIR_LIST = 1
=2					DIR_SELECT = 2
=4					DIR_DETAIL = 4
=8					DIR_STATUS = 8
=16					DIR_PATH = 16
=31					DIR_ALL = 31
=$6900					CACHE = $6900                   ; four slots here, four at $7400 (cache_pages)
=$7100					PATHBUF = $7100                 ; 512 bytes, below the saved settings at $7350
=$7c00					REQUEST = $7c00                 ; 768 bytes; longest mount request is 514
=$60					sptr = $60
=$62					dptr = $62
=$64					remain = $64
=$66					number = $66
=$68					mx = $68
=$6a					my = $6a
.5000	ee 00 9b	inc $9b00	    inc APP_ID_TBL
.5003	ad 00 9b	lda $9b00	    lda APP_ID_TBL
.5006	a5 ba		lda $ba		        lda $ba
.5008	d0 02		bne $500c	        bne have_sysdev
.500a	a9 08		lda #$08	        lda #8                  ; same default as the resident app loader
.500c					have_sysdev:
.500c	8d c1 5d	sta $5dc1	        sta sysdev
.500f	a9 00		lda #$00	        lda #$00
.5011	8d b3 5d	sta $5db3	        sta base
.5014	8d b4 5d	sta $5db4	        sta base+1
.5017	8d bd 5d	sta $5dbd	        sta selected
.501a	8d c3 5d	sta $5dc3	        sta held
.501d	8d c4 5d	sta $5dc4	        sta viewpath
.5020	8d b9 5d	sta $5db9	        sta nameoff
.5023	8d ba 5d	sta $5dba	        sta nameoff+1
.5026	8d 00 71	sta $7100	        sta PATHBUF
.5029	8d b7 5d	sta $5db7	        sta pathlen
.502c	8d b8 5d	sta $5db8	        sta pathlen+1
.502f	8d c2 5d	sta $5dc2	        sta ready
.5032	8d 4b 66	sta $664b	        sta driveview
.5035	a2 03		ldx #$03	        ldx #3
.5037					clear_drive_locks:
.5037	9d 55 66	sta $6655,x	        sta drive_locks,x
.503a	ca		dex		        dex
.503b	10 fa		bpl $5037	        bpl clear_drive_locks
.503d	20 a2 52	jsr $52a2	        jsr refresh
.5040	20 b6 55	jsr $55b6	        jsr frame
.5043	20 7b 58	jsr $587b	        jsr paint
.5046					input_loop:
.5046	a9 01		lda #$01	        lda #$01
.5048	8d c2 5d	sta $5dc2	        sta ready
.504b	20 3b 08	jsr $083b	        jsr OS_TICK
.504e	20 2c 08	jsr $082c	        jsr KEYIN
.5051	d0 1c		bne $506f	        bne key_event
.5053	20 3e 08	jsr $083e	        jsr READ_BUTTON
.5056	d0 08		bne $5060	        bne released
.5058	a9 01		lda #$01	        lda #$01
.505a	8d c3 5d	sta $5dc3	        sta held
.505d	4c 46 50	jmp $5046	        jmp input_loop
.5060					released:
.5060	ad c3 5d	lda $5dc3	        lda held
.5063	f0 e1		beq $5046	        beq input_loop
.5065	a9 00		lda #$00	        lda #$00
.5067	8d c3 5d	sta $5dc3	        sta held
.506a	20 5f 5b	jsr $5b5f	        jsr mouse_action
.506d	f0 d7		beq $5046	        beq input_loop
.506f					key_event:
.506f	8d c5 5d	sta $5dc5	        sta key
.5072	a9 00		lda #$00	        lda #$00
.5074	8d c2 5d	sta $5dc2	        sta ready
.5077	8d cc 5d	sta $5dcc	        sta dirty
.507a	ad c5 5d	lda $5dc5	        lda key
.507d	c9 c1		cmp #$c1	        cmp #$c1
.507f	90 06		bcc $5087	        bcc key_ascii
.5081	c9 db		cmp #$db	        cmp #$db
.5083	b0 02		bcs $5087	        bcs key_ascii
.5085	29 7f		and #$7f	        and #$7f               ; shifted PETSCII letters use the same shortcuts
.5087					key_ascii:
.5087	c9 61		cmp #$61	        cmp #$61
.5089	90 06		bcc $5091	        bcc normalized
.508b	c9 7b		cmp #$7b	        cmp #$7b
.508d	b0 02		bcs $5091	        bcs normalized
.508f	29 df		and #$df	        and #$df
.5091					normalized:
.5091	ae 4b 66	ldx $664b	        ldx driveview
.5094	f0 09		beq $509f	        beq file_key
.5096	20 95 5e	jsr $5e95	        jsr drive_key
.5099	20 7b 58	jsr $587b	        jsr paint
.509c	4c 46 50	jmp $5046	        jmp input_loop
.509f					file_key:
.509f	a2 0c		ldx #$0c	        ldx #key_count-1
.50a1					key_find:
.50a1	dd c1 50	cmp $50c1,x	        cmp keys,x
.50a4	f0 06		beq $50ac	        beq key_found
.50a6	ca		dex		        dex
.50a7	10 f8		bpl $50a1	        bpl key_find
.50a9	4c 46 50	jmp $5046	        jmp input_loop
.50ac					key_found:
.50ac	bd ce 50	lda $50ce,x	        lda actionsL,x
.50af	8d b9 50	sta $50b9	        sta dispatch+1
.50b2	bd db 50	lda $50db,x	        lda actionsH,x
.50b5	8d ba 50	sta $50ba	        sta dispatch+2
.50b8					dispatch:
.50b8	20 ff ff	jsr $ffff	        jsr $ffff
.50bb	20 7b 58	jsr $587b	        jsr paint
.50be	4c 46 50	jmp $5046	        jmp input_loop
>50c1	11 91 0d 1b 55 2f 4e 42		keys:   .byte $11,$91,$0d,$1b,$55,$2f,$4e,$42,$52,$9d,$1d,$50,$44
>50c9	52 9d 1d 50 44
=13					key_count = *-keys
>50ce	fb 11 fd e8 ea e1 33 51		actionsL: .byte <down,<up,<open_entry,<leave,<parent,<root,<nextpage,<prevpage,<refresh,<left,<right,<toggle_path,<drives
>50d6	a2 97 b0 84 79
>50db	50 51 51 50 51 51 51 51		actionsH: .byte >down,>up,>open_entry,>leave,>parent,>root,>nextpage,>prevpage,>refresh,>left,>right,>toggle_path,>drives
>50e3	52 51 51 51 5e
.50e8					leave:
.50e8	a9 ff		lda #$ff	        lda #$ff
.50ea	8d c2 5d	sta $5dc2	        sta ready
.50ed	ad c1 5d	lda $5dc1	        lda sysdev
.50f0	85 ba		sta $ba		        sta $ba
.50f2	ce 00 9b	dec $9b00	    dec APP_ID_TBL
.50f5	ad 00 9b	lda $9b00	    lda APP_ID_TBL
.50f8	4c 00 10	jmp $1000	        jmp DESK_START
.50fb					down:
.50fb	ad be 5d	lda $5dbe	        lda count
.50fe	f0 6f		beq $516f	        beq action_done
.5100	ad bd 5d	lda $5dbd	        lda selected
.5103	18		clc		        clc
.5104	69 01		adc #$01	        adc #1
.5106	cd be 5d	cmp $5dbe	        cmp count
.5109	b0 28		bcs $5133	        bcs nextpage
.510b	8d bd 5d	sta $5dbd	        sta selected
.510e	4c 70 51	jmp $5170	        jmp reset_view
.5111					up:
.5111	ad bd 5d	lda $5dbd	        lda selected
.5114	f0 06		beq $511c	        beq up_page
.5116	ce bd 5d	dec $5dbd	        dec selected
.5119	4c 70 51	jmp $5170	        jmp reset_view
.511c					up_page:
.511c	ad b3 5d	lda $5db3	        lda base
.511f	0d b4 5d	ora $5db4	        ora base+1
.5122	f0 4b		beq $516f	        beq action_done
.5124	20 51 51	jsr $5151	        jsr prevpage
.5127	ad be 5d	lda $5dbe	        lda count
.512a	f0 43		beq $516f	        beq action_done
.512c	38		sec		        sec
.512d	e9 01		sbc #$01	        sbc #1
.512f	8d bd 5d	sta $5dbd	        sta selected
.5132	60		rts		        rts
.5133					nextpage:
.5133	ad bf 5d	lda $5dbf	        lda more
.5136	f0 37		beq $516f	        beq action_done
.5138	18		clc		        clc
.5139	ad b3 5d	lda $5db3	        lda base
.513c	69 08		adc #$08	        adc #ROWS
.513e	8d b3 5d	sta $5db3	        sta base
.5141	90 24		bcc $5167	        bcc page_changed
.5143	ee b4 5d	inc $5db4	        inc base+1
.5146	d0 1f		bne $5167	        bne page_changed
.5148	a9 f8		lda #$f8	        lda #$f8                ; do not wrap directory ordinals to zero
.514a	8d b3 5d	sta $5db3	        sta base
.514d	ce b4 5d	dec $5db4	        dec base+1
.5150	60		rts		        rts
.5151					prevpage:
.5151	ad b3 5d	lda $5db3	        lda base
.5154	0d b4 5d	ora $5db4	        ora base+1
.5157	f0 16		beq $516f	        beq action_done
.5159	38		sec		        sec
.515a	ad b3 5d	lda $5db3	        lda base
.515d	e9 08		sbc #$08	        sbc #ROWS
.515f	8d b3 5d	sta $5db3	        sta base
.5162	b0 03		bcs $5167	        bcs page_changed
.5164	ce b4 5d	dec $5db4	        dec base+1
.5167					page_changed:
.5167	a9 00		lda #$00	        lda #$00
.5169	8d bd 5d	sta $5dbd	        sta selected
.516c	4c a2 52	jmp $52a2	        jmp refresh
.516f					action_done:
.516f	60		rts		        rts
.5170					reset_view:
.5170	a9 00		lda #$00	        lda #$00
.5172	8d b9 5d	sta $5db9	        sta nameoff
.5175	8d ba 5d	sta $5dba	        sta nameoff+1
.5178	8d c4 5d	sta $5dc4	        sta viewpath
.517b	ad cc 5d	lda $5dcc	        lda dirty
.517e	09 06		ora #$06	        ora #DIR_SELECT|DIR_DETAIL
.5180	8d cc 5d	sta $5dcc	        sta dirty
.5183	60		rts		        rts
.5184					toggle_path:
.5184	ad c4 5d	lda $5dc4	        lda viewpath
.5187	49 01		eor #$01	        eor #1
.5189	8d c4 5d	sta $5dc4	        sta viewpath
.518c	a9 00		lda #$00	        lda #$00
.518e	8d b9 5d	sta $5db9	        sta nameoff
.5191	8d ba 5d	sta $5dba	        sta nameoff+1
.5194	4c d8 51	jmp $51d8	        jmp dirty_detail
.5197					left:
.5197	ad b9 5d	lda $5db9	        lda nameoff
.519a	0d ba 5d	ora $5dba	        ora nameoff+1
.519d	f0 d0		beq $516f	        beq action_done
.519f	38		sec		        sec
.51a0	ad b9 5d	lda $5db9	        lda nameoff
.51a3	e9 20		sbc #$20	        sbc #32
.51a5	8d b9 5d	sta $5db9	        sta nameoff
.51a8	b0 2e		bcs $51d8	        bcs dirty_detail
.51aa	ce ba 5d	dec $5dba	        dec nameoff+1
.51ad	4c d8 51	jmp $51d8	        jmp dirty_detail
.51b0					right:
.51b0	20 51 55	jsr $5551	        jsr detail_source
.51b3	18		clc		        clc
.51b4	ad b9 5d	lda $5db9	        lda nameoff
.51b7	69 20		adc #$20	        adc #32
.51b9	85 66		sta $66		        sta number
.51bb	ad ba 5d	lda $5dba	        lda nameoff+1
.51be	69 00		adc #$00	        adc #0
.51c0	85 67		sta $67		        sta number+1
.51c2	c5 65		cmp $65		        cmp remain+1
.51c4	90 08		bcc $51ce	        bcc right_go
.51c6	d0 a7		bne $516f	        bne action_done
.51c8	a5 66		lda $66		        lda number
.51ca	c5 64		cmp $64		        cmp remain
.51cc	b0 a1		bcs $516f	        bcs action_done
.51ce					right_go:
.51ce	a5 66		lda $66		        lda number
.51d0	8d b9 5d	sta $5db9	        sta nameoff
.51d3	a5 67		lda $67		        lda number+1
.51d5	8d ba 5d	sta $5dba	        sta nameoff+1
.51d8					dirty_detail:
.51d8	ad cc 5d	lda $5dcc	        lda dirty
.51db	09 04		ora #$04	        ora #DIR_DETAIL
.51dd	8d cc 5d	sta $5dcc	        sta dirty
.51e0	60		rts		        rts
.51e1					root:
.51e1	a9 2f		lda #$2f	        lda #$2f
.51e3	8d 02 7c	sta $7c02	        sta REQUEST+2
.51e6	a9 03		lda #$03	        lda #3
.51e8	d0 0a		bne $51f4	        bne chdir_short
.51ea					parent:
.51ea	a9 2e		lda #$2e	        lda #$2e
.51ec	8d 02 7c	sta $7c02	        sta REQUEST+2
.51ef	8d 03 7c	sta $7c03	        sta REQUEST+3
.51f2	a9 04		lda #$04	        lda #4
.51f4					chdir_short:
.51f4	85 04		sta $04		        sta r1L
.51f6	a9 00		lda #$00	        lda #0
.51f8	85 05		sta $05		        sta r1H
.51fa	4c 2a 52	jmp $522a	        jmp chdir
.51fd					open_entry:
.51fd	ad be 5d	lda $5dbe	        lda count
.5200	d0 01		bne $5203	        bne open_selected
.5202	60		rts		        rts
.5203					open_selected:
.5203	20 3a 55	jsr $553a	        jsr selected_source
.5206	a9 02		lda #$02	        lda #<REQUEST+2
.5208	85 62		sta $62		        sta dptr
.520a	a9 7c		lda #$7c	        lda #>REQUEST+2
.520c	85 63		sta $63		        sta dptr+1
.520e	a5 64		lda $64		        lda remain
.5210	18		clc		        clc
.5211	69 02		adc #$02	        adc #2
.5213	8d bb 5d	sta $5dbb	        sta commandlen
.5216	a5 65		lda $65		        lda remain+1
.5218	69 00		adc #$00	        adc #0
.521a	8d bc 5d	sta $5dbc	        sta commandlen+1
.521d	20 0f 55	jsr $550f	        jsr copy_bytes
.5220	ad bb 5d	lda $5dbb	        lda commandlen
.5223	85 04		sta $04		        sta r1L
.5225	ad bc 5d	lda $5dbc	        lda commandlen+1
.5228	85 05		sta $05		        sta r1H
.522a					chdir:
.522a	a9 11		lda #$11	        lda #$11
.522c	8d 01 7c	sta $7c01	        sta REQUEST+1
.522f	20 60 52	jsr $5260	        jsr command_stream
.5232	b0 42		bcs $5276	        bcs command_error
.5234	c9 00		cmp #$00	        cmp #0
.5236	d0 47		bne $527f	        bne firmware_error
.5238	a9 00		lda #$00	        lda #0
.523a	8d b3 5d	sta $5db3	        sta base
.523d	8d b4 5d	sta $5db4	        sta base+1
.5240	8d bd 5d	sta $5dbd	        sta selected
.5243	4c a2 52	jmp $52a2	        jmp refresh
.5246					command:
.5246	8d 01 7c	sta $7c01	        sta REQUEST+1
.5249	a9 02		lda #$02	        lda #2
.524b	8d 00 7c	sta $7c00	        sta REQUEST
.524e	a9 00		lda #$00	        lda #0
.5250	8d 62 91	sta $9162	        sta NET_DIRMODE
.5253	a9 00		lda #$00	        lda #<REQUEST
.5255	85 02		sta $02		        sta r0L
.5257	a9 7c		lda #$7c	        lda #>REQUEST
.5259	85 03		sta $03		        sta r0H
.525b	a9 02		lda #$02	        lda #2
.525d	4c 03 91	jmp $9103	        jmp NET_CMD
.5260					command_stream:
.5260	a9 00		lda #$00	        lda #0
.5262	85 08		sta $08		        sta r3L
.5264	85 09		sta $09		        sta r3H
.5266					stream:
.5266	a9 02		lda #$02	        lda #2
.5268	8d 00 7c	sta $7c00	        sta REQUEST
.526b	a9 00		lda #$00	        lda #<REQUEST
.526d	85 02		sta $02		        sta r0L
.526f	a9 7c		lda #$7c	        lda #>REQUEST
.5271	85 03		sta $03		        sta r0H
.5273	4c 64 91	jmp $9164	        jmp NET_STREAM
.5276					command_error:
.5276	90 07		bcc $527f	        bcc firmware_error
.5278	a9 fc		lda #$fc	        lda #<transport_error
.527a	a2 5c		ldx #$5c	        ldx #>transport_error
.527c	4c e2 53	jmp $53e2	        jmp set_status
.527f					firmware_error:
.527f	a9 42		lda #$42	        lda #<NET_STAT
.5281	85 60		sta $60		        sta sptr
.5283	a9 91		lda #$91	        lda #>NET_STAT
.5285	85 61		sta $61		        sta sptr+1
.5287	a9 1f		lda #$1f	        lda #31
.5289	85 64		sta $64		        sta remain
.528b	a9 00		lda #$00	        lda #0
.528d	85 65		sta $65		        sta remain+1
.528f	a2 1f		ldx #$1f	        ldx #31
.5291	20 73 55	jsr $5573	        jsr text_chunk
.5294	a2 1f		ldx #$1f	        ldx #31
.5296					error_copy:
.5296	bd 2c 5e	lda $5e2c,x	        lda line,x
.5299	9d 0a 5e	sta $5e0a,x	        sta status,x
.529c	ca		dex		        dex
.529d	10 f7		bpl $5296	        bpl error_copy
.529f	4c f9 53	jmp $53f9	        jmp dirty_status
.52a2					refresh:
.52a2	a9 1f		lda #$1f	        lda #DIR_ALL
.52a4	8d cc 5d	sta $5dcc	        sta dirty
.52a7	20 70 51	jsr $5170	        jsr reset_view
.52aa	a9 00		lda #$00	        lda #0
.52ac	8d be 5d	sta $5dbe	        sta count
.52af	8d bf 5d	sta $5dbf	        sta more
.52b2	8d c0 5d	sta $5dc0	        sta scanerror
.52b5	8d b5 5d	sta $5db5	        sta seen
.52b8	8d b6 5d	sta $5db6	        sta seen+1
.52bb	a9 12		lda #$12	        lda #$12
.52bd	20 46 52	jsr $5246	        jsr command
.52c0	b0 b4		bcs $5276	        bcs command_error
.52c2	c9 00		cmp #$00	        cmp #0
.52c4	d0 b9		bne $527f	        bne firmware_error
.52c6	ad 67 91	lda $9167	        lda NET_TRUNC
.52c9	f0 03		beq $52ce	        beq path_fits
.52cb	4c de 53	jmp $53de	        jmp invalid_reply
.52ce					path_fits:
.52ce	ad 3f 91	lda $913f	        lda NET_LEN
.52d1	8d b7 5d	sta $5db7	        sta pathlen
.52d4	85 64		sta $64		        sta remain
.52d6	ad 40 91	lda $9140	        lda NET_LEN+1
.52d9	8d b8 5d	sta $5db8	        sta pathlen+1
.52dc	85 65		sta $65		        sta remain+1
.52de	a9 00		lda #$00	        lda #<NET_DATA
.52e0	85 60		sta $60		        sta sptr
.52e2	a9 88		lda #$88	        lda #>NET_DATA
.52e4	85 61		sta $61		        sta sptr+1
.52e6	a9 00		lda #$00	        lda #<PATHBUF
.52e8	85 62		sta $62		        sta dptr
.52ea	a9 71		lda #$71	        lda #>PATHBUF
.52ec	85 63		sta $63		        sta dptr+1
.52ee	20 0f 55	jsr $550f	        jsr copy_bytes
.52f1	a9 00		lda #$00	        lda #0
.52f3	a8		tay		        tay
.52f4	91 62		sta ($62),y	        sta (dptr),y
.52f6	a9 13		lda #$13	        lda #$13
.52f8	20 46 52	jsr $5246	        jsr command
.52fb	90 03		bcc $5300	        bcc directory_status
.52fd	4c 76 52	jmp $5276	        jmp command_error
.5300					directory_status:
.5300	c9 01		cmp #$01	        cmp #1
.5302	d0 03		bne $5307	        bne directory_nonempty
.5304	4c d0 53	jmp $53d0	        jmp empty
.5307					directory_nonempty:
.5307	c9 00		cmp #$00	        cmp #0
.5309	f0 03		beq $530e	        beq directory_start
.530b	4c 7f 52	jmp $527f	        jmp firmware_error
.530e					directory_start:
.530e	a9 14		lda #$14	        lda #$14
.5310	8d 01 7c	sta $7c01	        sta REQUEST+1
.5313	a9 02		lda #$02	        lda #2
.5315	85 04		sta $04		        sta r1L
.5317	a9 00		lda #$00	        lda #0
.5319	85 05		sta $05		        sta r1H
.531b	a9 57		lda #$57	        lda #<receive
.531d	85 08		sta $08		        sta r3L
.531f	a9 54		lda #$54	        lda #>receive
.5321	85 09		sta $09		        sta r3H
.5323	20 66 52	jsr $5266	        jsr stream
.5326	90 2b		bcc $5353	        bcc scan_finished
.5328	c9 fd		cmp #$fd	        cmp #$fd
.532a	d0 0a		bne $5336	        bne scan_failed
.532c	ad c0 5d	lda $5dc0	        lda scanerror
.532f	d0 05		bne $5336	        bne scan_failed
.5331	ad bf 5d	lda $5dbf	        lda more
.5334	d0 21		bne $5357	        bne listed
.5336					scan_failed:
.5336	a9 00		lda #$00	        lda #0
.5338	8d be 5d	sta $5dbe	        sta count
.533b	8d bf 5d	sta $5dbf	        sta more
.533e	ad c0 5d	lda $5dc0	        lda scanerror
.5341	c9 02		cmp #$02	        cmp #2
.5343	d0 03		bne $5348	        bne scan_not_cancelled
.5345	4c d7 53	jmp $53d7	        jmp cancelled
.5348					scan_not_cancelled:
.5348	c9 01		cmp #$01	        cmp #1
.534a	d0 03		bne $534f	        bne scan_transport
.534c	4c de 53	jmp $53de	        jmp invalid_reply
.534f					scan_transport:
.534f	38		sec		        sec
.5350	4c 76 52	jmp $5276	        jmp command_error
.5353					scan_finished:
.5353	c9 00		cmp #$00	        cmp #0
.5355	d0 6e		bne $53c5	        bne scan_firmware
.5357					listed:
.5357	ad be 5d	lda $5dbe	        lda count
.535a	f0 74		beq $53d0	        beq empty
.535c	ad bd 5d	lda $5dbd	        lda selected
.535f	cd be 5d	cmp $5dbe	        cmp count
.5362	90 05		bcc $5369	        bcc listing_status
.5364	a9 00		lda #$00	        lda #0
.5366	8d bd 5d	sta $5dbd	        sta selected
.5369					listing_status:
.5369	a2 05		ldx #$05	        ldx #5
.536b					item_prefix:
.536b	bd 9f 5c	lda $5c9f,x	        lda items_text,x
.536e	9d 0a 5e	sta $5e0a,x	        sta status,x
.5371	ca		dex		        dex
.5372	10 f7		bpl $536b	        bpl item_prefix
.5374	a9 06		lda #$06	        lda #6
.5376	8d ca 5d	sta $5dca	        sta statuspos
.5379	18		clc		        clc
.537a	ad b3 5d	lda $5db3	        lda base
.537d	69 01		adc #$01	        adc #1
.537f	85 66		sta $66		        sta number
.5381	ad b4 5d	lda $5db4	        lda base+1
.5384	69 00		adc #$00	        adc #0
.5386	85 67		sta $67		        sta number+1
.5388	20 02 54	jsr $5402	        jsr decimal_word
.538b	ae ca 5d	ldx $5dca	        ldx statuspos
.538e	a9 2d		lda #$2d	        lda #$2d
.5390	9d 0a 5e	sta $5e0a,x	        sta status,x
.5393	ee ca 5d	inc $5dca	        inc statuspos
.5396	18		clc		        clc
.5397	ad b3 5d	lda $5db3	        lda base
.539a	6d be 5d	adc $5dbe	        adc count
.539d	85 66		sta $66		        sta number
.539f	ad b4 5d	lda $5db4	        lda base+1
.53a2	69 00		adc #$00	        adc #0
.53a4	85 67		sta $67		        sta number+1
.53a6	20 02 54	jsr $5402	        jsr decimal_word
.53a9	ae ca 5d	ldx $5dca	        ldx statuspos
.53ac	a9 20		lda #$20	        lda #$20
.53ae	9d 0a 5e	sta $5e0a,x	        sta status,x
.53b1	e8		inx		        inx
.53b2	a9 2e		lda #$2e	        lda #$2e
.53b4	ac bf 5d	ldy $5dbf	        ldy more
.53b7	f0 02		beq $53bb	        beq item_suffix
.53b9	a9 2b		lda #$2b	        lda #$2b
.53bb					item_suffix:
.53bb	9d 0a 5e	sta $5e0a,x	        sta status,x
.53be	e8		inx		        inx
.53bf	a9 00		lda #$00	        lda #0
.53c1	9d 0a 5e	sta $5e0a,x	        sta status,x
.53c4	60		rts		        rts
.53c5					scan_firmware:
.53c5	48		pha		        pha
.53c6	a9 00		lda #$00	        lda #0
.53c8	8d be 5d	sta $5dbe	        sta count
.53cb	68		pla		        pla
.53cc	18		clc		        clc
.53cd	4c 76 52	jmp $5276	        jmp command_error
.53d0					empty:
.53d0	a9 db		lda #$db	        lda #<empty_text
.53d2	a2 5c		ldx #$5c	        ldx #>empty_text
.53d4	4c e2 53	jmp $53e2	        jmp set_status
.53d7					cancelled:
.53d7	a9 3c		lda #$3c	        lda #<cancel_text
.53d9	a2 5d		ldx #$5d	        ldx #>cancel_text
.53db	4c e2 53	jmp $53e2	        jmp set_status
.53de					invalid_reply:
.53de	a9 1a		lda #$1a	        lda #<invalid_text
.53e0	a2 5d		ldx #$5d	        ldx #>invalid_text
.53e2					set_status:
.53e2	85 60		sta $60		        sta sptr
.53e4	86 61		stx $61		        stx sptr+1
.53e6	a0 00		ldy #$00	        ldy #0
.53e8					status_copy:
.53e8	b1 60		lda ($60),y	        lda (sptr),y
.53ea	99 0a 5e	sta $5e0a,y	        sta status,y
.53ed	f0 0a		beq $53f9	        beq status_done
.53ef	c8		iny		        iny
.53f0	c0 21		cpy #$21	        cpy #33
.53f2	d0 f4		bne $53e8	        bne status_copy
.53f4	a9 00		lda #$00	        lda #0
.53f6	99 0a 5e	sta $5e0a,y	        sta status,y
.53f9					status_done:
.53f9					dirty_status:
.53f9	ad cc 5d	lda $5dcc	        lda dirty
.53fc	09 08		ora #$08	        ora #DIR_STATUS
.53fe	8d cc 5d	sta $5dcc	        sta dirty
.5401	60		rts		        rts
.5402					decimal_word:
.5402	a9 00		lda #$00	        lda #0
.5404	8d cb 5d	sta $5dcb	        sta started
.5407	a0 00		ldy #$00	        ldy #0
.5409					decimal_digit:
.5409	a2 00		ldx #$00	        ldx #0
.540b					decimal_sub:
.540b	a5 67		lda $67		        lda number+1
.540d	d9 4e 54	cmp $544e,y	        cmp divisors+1,y
.5410	90 1b		bcc $542d	        bcc decimal_emit
.5412	d0 07		bne $541b	        bne decimal_take
.5414	a5 66		lda $66		        lda number
.5416	d9 4d 54	cmp $544d,y	        cmp divisors,y
.5419	90 12		bcc $542d	        bcc decimal_emit
.541b					decimal_take:
.541b	38		sec		        sec
.541c	a5 66		lda $66		        lda number
.541e	f9 4d 54	sbc $544d,y	        sbc divisors,y
.5421	85 66		sta $66		        sta number
.5423	a5 67		lda $67		        lda number+1
.5425	f9 4e 54	sbc $544e,y	        sbc divisors+1,y
.5428	85 67		sta $67		        sta number+1
.542a	e8		inx		        inx
.542b	d0 de		bne $540b	        bne decimal_sub
.542d					decimal_emit:
.542d	8a		txa		        txa
.542e	0d cb 5d	ora $5dcb	        ora started
.5431	d0 04		bne $5437	        bne decimal_write
.5433	c0 08		cpy #$08	        cpy #8
.5435	d0 0f		bne $5446	        bne decimal_next
.5437					decimal_write:
.5437	8a		txa		        txa
.5438	09 30		ora #$30	        ora #$30
.543a	ae ca 5d	ldx $5dca	        ldx statuspos
.543d	9d 0a 5e	sta $5e0a,x	        sta status,x
.5440	ee ca 5d	inc $5dca	        inc statuspos
.5443	ee cb 5d	inc $5dcb	        inc started
.5446					decimal_next:
.5446	c8		iny		        iny
.5447	c8		iny		        iny
.5448	c0 0a		cpy #$0a	        cpy #10
.544a	d0 bd		bne $5409	        bne decimal_digit
.544c	60		rts		        rts
>544d	10 27 e8 03 64 00 0a 00		divisors: .word 10000,1000,100,10,1
>5455	01 00
.5457					receive:
.5457	20 2c 08	jsr $082c	        jsr KEYIN
.545a	c9 1b		cmp #$1b	        cmp #$1b
.545c	d0 04		bne $5462	        bne receive_data
.545e	a9 02		lda #$02	        lda #2
.5460	d0 61		bne $54c3	        bne receive_bad
.5462					receive_data:
.5462	ad 3f 91	lda $913f	        lda NET_LEN
.5465	0d 40 91	ora $9140	        ora NET_LEN+1
.5468	f0 55		beq $54bf	        beq receive_ok           ; status-only packet
.546a	ad 68 91	lda $9168	        lda NET_PACKET_TRUNC
.546d	d0 52		bne $54c1	        bne receive_invalid
.546f	ad 40 91	lda $9140	        lda NET_LEN+1
.5472	d0 07		bne $547b	        bne receive_name
.5474	ad 3f 91	lda $913f	        lda NET_LEN
.5477	c9 02		cmp #$02	        cmp #2
.5479	90 46		bcc $54c1	        bcc receive_invalid
.547b					receive_name:
.547b	a9 01		lda #$01	        lda #<NET_DATA+1
.547d	85 60		sta $60		        sta sptr
.547f	a9 88		lda #$88	        lda #>NET_DATA+1
.5481	85 61		sta $61		        sta sptr+1
.5483	38		sec		        sec
.5484	ad 3f 91	lda $913f	        lda NET_LEN
.5487	e9 01		sbc #$01	        sbc #1
.5489	85 64		sta $64		        sta remain
.548b	ad 40 91	lda $9140	        lda NET_LEN+1
.548e	e9 00		sbc #$00	        sbc #0
.5490	85 65		sta $65		        sta remain+1
.5492	a0 00		ldy #$00	        ldy #0
.5494					validate_name:
.5494	b1 60		lda ($60),y	        lda (sptr),y
.5496	f0 29		beq $54c1	        beq receive_invalid
.5498	c9 2f		cmp #$2f	        cmp #$2f
.549a	f0 25		beq $54c1	        beq receive_invalid
.549c	20 2b 55	jsr $552b	        jsr advance_source
.549f	a5 64		lda $64		        lda remain
.54a1	05 65		ora $65		        ora remain+1
.54a3	d0 ef		bne $5494	        bne validate_name
.54a5	ad b6 5d	lda $5db6	        lda seen+1
.54a8	cd b4 5d	cmp $5db4	        cmp base+1
.54ab	90 0a		bcc $54b7	        bcc receive_skip
.54ad	d0 19		bne $54c8	        bne receive_save
.54af	ad b5 5d	lda $5db5	        lda seen
.54b2	cd b3 5d	cmp $5db3	        cmp base
.54b5	b0 11		bcs $54c8	        bcs receive_save
.54b7					receive_skip:
.54b7	ee b5 5d	inc $5db5	        inc seen
.54ba	d0 03		bne $54bf	        bne receive_ok
.54bc	ee b6 5d	inc $5db6	        inc seen+1
.54bf					receive_ok:
.54bf	18		clc		        clc
.54c0	60		rts		        rts
.54c1					receive_invalid:
.54c1	a9 01		lda #$01	        lda #1
.54c3					receive_bad:
.54c3	8d c0 5d	sta $5dc0	        sta scanerror
.54c6	38		sec		        sec
.54c7	60		rts		        rts
.54c8					receive_save:
.54c8	ae be 5d	ldx $5dbe	        ldx count
.54cb	e0 08		cpx #$08	        cpx #ROWS
.54cd	90 07		bcc $54d6	        bcc receive_slot
.54cf	a9 01		lda #$01	        lda #1
.54d1	8d bf 5d	sta $5dbf	        sta more
.54d4	38		sec		        sec
.54d5	60		rts		        rts
.54d6					receive_slot:
.54d6	ad 00 88	lda $8800	        lda NET_DATA
.54d9	9d ef 5d	sta $5def,x	        sta attrs,x
.54dc	38		sec		        sec
.54dd	ad 3f 91	lda $913f	        lda NET_LEN
.54e0	e9 01		sbc #$01	        sbc #1
.54e2	9d f7 5d	sta $5df7,x	        sta lengthsL,x
.54e5	85 64		sta $64		        sta remain
.54e7	ad 40 91	lda $9140	        lda NET_LEN+1
.54ea	e9 00		sbc #$00	        sbc #0
.54ec	9d ff 5d	sta $5dff,x	        sta lengthsH,x
.54ef	85 65		sta $65		        sta remain+1
.54f1	bd ab 5d	lda $5dab,x	        lda cache_pages,x
.54f4	85 63		sta $63		        sta dptr+1
.54f6	a9 00		lda #$00	        lda #0
.54f8	85 62		sta $62		        sta dptr
.54fa	a9 01		lda #$01	        lda #<NET_DATA+1
.54fc	85 60		sta $60		        sta sptr
.54fe	a9 88		lda #$88	        lda #>NET_DATA+1
.5500	85 61		sta $61		        sta sptr+1
.5502	20 0f 55	jsr $550f	        jsr copy_bytes
.5505	a9 00		lda #$00	        lda #0
.5507	a8		tay		        tay
.5508	91 62		sta ($62),y	        sta (dptr),y
.550a	ee be 5d	inc $5dbe	        inc count
.550d	18		clc		        clc
.550e	60		rts		        rts
.550f					copy_bytes:
.550f	a5 64		lda $64		        lda remain
.5511	05 65		ora $65		        ora remain+1
.5513	f0 15		beq $552a	        beq copy_done
.5515	a0 00		ldy #$00	        ldy #0
.5517					copy_loop:
.5517	b1 60		lda ($60),y	        lda (sptr),y
.5519	91 62		sta ($62),y	        sta (dptr),y
.551b	e6 62		inc $62		        inc dptr
.551d	d0 02		bne $5521	        bne copy_advance
.551f	e6 63		inc $63		        inc dptr+1
.5521					copy_advance:
.5521	20 2b 55	jsr $552b	        jsr advance_source
.5524	a5 64		lda $64		        lda remain
.5526	05 65		ora $65		        ora remain+1
.5528	d0 ed		bne $5517	        bne copy_loop
.552a					copy_done:
.552a	60		rts		        rts
.552b					advance_source:
.552b	e6 60		inc $60		        inc sptr
.552d	d0 02		bne $5531	        bne source_count
.552f	e6 61		inc $61		        inc sptr+1
.5531					source_count:
.5531	a5 64		lda $64		        lda remain
.5533	d0 02		bne $5537	        bne source_low
.5535	c6 65		dec $65		        dec remain+1
.5537					source_low:
.5537	c6 64		dec $64		        dec remain
.5539	60		rts		        rts
.553a					selected_source:
.553a	ae bd 5d	ldx $5dbd	        ldx selected
.553d					row_source:
.553d	bd f7 5d	lda $5df7,x	        lda lengthsL,x
.5540	85 64		sta $64		        sta remain
.5542	bd ff 5d	lda $5dff,x	        lda lengthsH,x
.5545	85 65		sta $65		        sta remain+1
.5547	bd ab 5d	lda $5dab,x	        lda cache_pages,x
.554a	85 61		sta $61		        sta sptr+1
.554c	a9 00		lda #$00	        lda #0
.554e	85 60		sta $60		        sta sptr
.5550	60		rts		        rts
.5551					detail_source:
.5551	ad c4 5d	lda $5dc4	        lda viewpath
.5554	d0 0a		bne $5560	        bne path_source
.5556	ad be 5d	lda $5dbe	        lda count
.5559	d0 df		bne $553a	        bne selected_source
.555b	85 64		sta $64		        sta remain
.555d	85 65		sta $65		        sta remain+1
.555f	60		rts		        rts
.5560					path_source:
.5560	a9 00		lda #$00	        lda #<PATHBUF
.5562	85 60		sta $60		        sta sptr
.5564	a9 71		lda #$71	        lda #>PATHBUF
.5566	85 61		sta $61		        sta sptr+1
.5568	ad b7 5d	lda $5db7	        lda pathlen
.556b	85 64		sta $64		        sta remain
.556d	ad b8 5d	lda $5db8	        lda pathlen+1
.5570	85 65		sta $65		        sta remain+1
.5572	60		rts		        rts
.5573					text_chunk:
.5573	8e c6 5d	stx $5dc6	        stx width
.5576	a2 00		ldx #$00	        ldx #0
.5578	a0 00		ldy #$00	        ldy #0
.557a					chunk_loop:
.557a	a5 64		lda $64		        lda remain
.557c	05 65		ora $65		        ora remain+1
.557e	f0 13		beq $5593	        beq chunk_done
.5580	b1 60		lda ($60),y	        lda (sptr),y
.5582	f0 0f		beq $5593	        beq chunk_done
.5584	20 99 55	jsr $5599	        jsr ascii_text
.5587	9d 2c 5e	sta $5e2c,x	        sta line,x
.558a	20 2b 55	jsr $552b	        jsr advance_source
.558d	e8		inx		        inx
.558e	ec c6 5d	cpx $5dc6	        cpx width
.5591	d0 e7		bne $557a	        bne chunk_loop
.5593					chunk_done:
.5593	a9 00		lda #$00	        lda #0
.5595	9d 2c 5e	sta $5e2c,x	        sta line,x
.5598	60		rts		        rts
.5599					ascii_text:
.5599	c9 20		cmp #$20	        cmp #$20
.559b	90 16		bcc $55b3	        bcc ascii_dot
.559d	c9 7b		cmp #$7b	        cmp #$7b                ; braces, bar and tilde have no VIC font glyph
.559f	b0 12		bcs $55b3	        bcs ascii_dot
.55a1	c9 61		cmp #$61	        cmp #$61
.55a3	90 03		bcc $55a8	        bcc ascii_upper
.55a5	29 df		and #$df	        and #$df
.55a7	60		rts		        rts
.55a8					ascii_upper:
.55a8	c9 41		cmp #$41	        cmp #$41
.55aa	90 06		bcc $55b2	        bcc ascii_done
.55ac	c9 5b		cmp #$5b	        cmp #$5b
.55ae	b0 02		bcs $55b2	        bcs ascii_done
.55b0	09 80		ora #$80	        ora #$80
.55b2					ascii_done:
.55b2	60		rts		        rts
.55b3					ascii_dot:
.55b3	a9 2e		lda #$2e	        lda #$2e
.55b5	60		rts		        rts
.55b6					frame:
.55b6	a9 08		lda #$08	        lda #8
.55b8					frame_clear:
.55b8	a2 24		ldx #$24	        ldx #36
.55ba	a0 02		ldy #$02	        ldy #2
.55bc	20 d0 5a	jsr $5ad0	        jsr clear_strip
.55bf	ad ec 5d	lda $5dec	        lda clear_y
.55c2	c9 c0		cmp #$c0	        cmp #192
.55c4	d0 f2		bne $55b8	        bne frame_clear
.55c6	a9 00		lda #$00	        lda #$00
.55c8	85 03		sta $03		        sta X1+1
.55ca	a9 10		lda #$10	        lda #16
.55cc	85 02		sta $02		        sta X1
.55ce	a9 01		lda #$01	        lda #$01
.55d0	85 07		sta $07		        sta X2+1
.55d2	a9 30		lda #$30	        lda #16 + 288-256
.55d4	85 06		sta $06		        sta X2
.55d6	a9 08		lda #$08	        lda #8
.55d8	85 04		sta $04		        sta Y1
.55da	a9 08		lda #$08	        lda #8
.55dc	85 08		sta $08		        sta Y2
.55de	a9 00		lda #$00	        lda #$00
.55e0	85 05		sta $05		        sta Y1+1
.55e2	85 09		sta $09		        sta Y2+1
.55e4	20 15 c0	jsr $c015	        jsr GFX_LINE
.55e7	a9 00		lda #$00	        lda #$00
.55e9	85 03		sta $03		        sta X1+1
.55eb	a9 10		lda #$10	        lda #16
.55ed	85 02		sta $02		        sta X1
.55ef	a9 01		lda #$01	        lda #$01
.55f1	85 07		sta $07		        sta X2+1
.55f3	a9 30		lda #$30	        lda #16 + 288-256
.55f5	85 06		sta $06		        sta X2
.55f7	a9 bc		lda #$bc	        lda #8 + 180
.55f9	85 04		sta $04		        sta Y1
.55fb	a9 bc		lda #$bc	        lda #8 + 180
.55fd	85 08		sta $08		        sta Y2
.55ff	a9 00		lda #$00	        lda #$00
.5601	85 05		sta $05		        sta Y1+1
.5603	85 09		sta $09		        sta Y2+1
.5605	20 15 c0	jsr $c015	        jsr GFX_LINE
.5608	a9 00		lda #$00	        lda #$00
.560a	85 03		sta $03		        sta X1+1
.560c	a9 10		lda #$10	        lda #16
.560e	85 02		sta $02		        sta X1
.5610	a9 00		lda #$00	        lda #$00
.5612	85 07		sta $07		        sta X2+1
.5614	a9 10		lda #$10	        lda #16
.5616	85 06		sta $06		        sta X2
.5618	a9 08		lda #$08	        lda #8
.561a	85 04		sta $04		        sta Y1
.561c	a9 bc		lda #$bc	        lda #8 + 180
.561e	85 08		sta $08		        sta Y2
.5620	a9 00		lda #$00	        lda #$00
.5622	85 05		sta $05		        sta Y1+1
.5624	85 09		sta $09		        sta Y2+1
.5626	20 15 c0	jsr $c015	        jsr GFX_LINE
.5629	a9 01		lda #$01	        lda #$01
.562b	85 03		sta $03		        sta X1+1
.562d	a9 30		lda #$30	        lda #16 + 288-256
.562f	85 02		sta $02		        sta X1
.5631	a9 01		lda #$01	        lda #$01
.5633	85 07		sta $07		        sta X2+1
.5635	a9 30		lda #$30	        lda #16 + 288-256
.5637	85 06		sta $06		        sta X2
.5639	a9 08		lda #$08	        lda #8
.563b	85 04		sta $04		        sta Y1
.563d	a9 bc		lda #$bc	        lda #8 + 180
.563f	85 08		sta $08		        sta Y2
.5641	a9 00		lda #$00	        lda #$00
.5643	85 05		sta $05		        sta Y1+1
.5645	85 09		sta $09		        sta Y2+1
.5647	20 15 c0	jsr $c015	        jsr GFX_LINE
.564a	a9 00		lda #$00	        lda #$00
.564c	85 03		sta $03		        sta X1+1
.564e	a9 15		lda #$15	        lda #16+5
.5650	85 02		sta $02		        sta X1
.5652	a9 01		lda #$01	        lda #$01
.5654	85 07		sta $07		        sta X2+1
.5656	a9 35		lda #$35	        lda #16+288+5-256
.5658	85 06		sta $06		        sta X2
.565a	a9 bd		lda #$bd	        lda #8+180+1
.565c	85 04		sta $04		        sta Y1
.565e	a9 bd		lda #$bd	        lda #8+180+1
.5660	85 08		sta $08		        sta Y2
.5662	a9 00		lda #$00	        lda #$00
.5664	85 05		sta $05		        sta Y1+1
.5666	85 09		sta $09		        sta Y2+1
.5668	20 15 c0	jsr $c015	        jsr GFX_LINE
.566b	a9 00		lda #$00	        lda #$00
.566d	85 03		sta $03		        sta X1+1
.566f	a9 15		lda #$15	        lda #16+5
.5671	85 02		sta $02		        sta X1
.5673	a9 01		lda #$01	        lda #$01
.5675	85 07		sta $07		        sta X2+1
.5677	a9 35		lda #$35	        lda #16+288+5-256
.5679	85 06		sta $06		        sta X2
.567b	a9 be		lda #$be	        lda #8+180+2
.567d	85 04		sta $04		        sta Y1
.567f	a9 be		lda #$be	        lda #8+180+2
.5681	85 08		sta $08		        sta Y2
.5683	a9 00		lda #$00	        lda #$00
.5685	85 05		sta $05		        sta Y1+1
.5687	85 09		sta $09		        sta Y2+1
.5689	20 15 c0	jsr $c015	        jsr GFX_LINE
.568c	a9 00		lda #$00	        lda #$00
.568e	85 03		sta $03		        sta X1+1
.5690	a9 15		lda #$15	        lda #16+5
.5692	85 02		sta $02		        sta X1
.5694	a9 01		lda #$01	        lda #$01
.5696	85 07		sta $07		        sta X2+1
.5698	a9 35		lda #$35	        lda #16+288+5-256
.569a	85 06		sta $06		        sta X2
.569c	a9 bf		lda #$bf	        lda #8+180+3
.569e	85 04		sta $04		        sta Y1
.56a0	a9 bf		lda #$bf	        lda #8+180+3
.56a2	85 08		sta $08		        sta Y2
.56a4	a9 00		lda #$00	        lda #$00
.56a6	85 05		sta $05		        sta Y1+1
.56a8	85 09		sta $09		        sta Y2+1
.56aa	20 15 c0	jsr $c015	        jsr GFX_LINE
.56ad	a9 00		lda #$00	        lda #$00
.56af	85 03		sta $03		        sta X1+1
.56b1	a9 15		lda #$15	        lda #16+5
.56b3	85 02		sta $02		        sta X1
.56b5	a9 01		lda #$01	        lda #$01
.56b7	85 07		sta $07		        sta X2+1
.56b9	a9 35		lda #$35	        lda #16+288+5-256
.56bb	85 06		sta $06		        sta X2
.56bd	a9 c0		lda #$c0	        lda #8+180+4
.56bf	85 04		sta $04		        sta Y1
.56c1	a9 c0		lda #$c0	        lda #8+180+4
.56c3	85 08		sta $08		        sta Y2
.56c5	a9 00		lda #$00	        lda #$00
.56c7	85 05		sta $05		        sta Y1+1
.56c9	85 09		sta $09		        sta Y2+1
.56cb	20 15 c0	jsr $c015	        jsr GFX_LINE
.56ce	a9 00		lda #$00	        lda #$00
.56d0	85 03		sta $03		        sta X1+1
.56d2	a9 15		lda #$15	        lda #16+5
.56d4	85 02		sta $02		        sta X1
.56d6	a9 01		lda #$01	        lda #$01
.56d8	85 07		sta $07		        sta X2+1
.56da	a9 35		lda #$35	        lda #16+288+5-256
.56dc	85 06		sta $06		        sta X2
.56de	a9 c1		lda #$c1	        lda #8+180+5
.56e0	85 04		sta $04		        sta Y1
.56e2	a9 c1		lda #$c1	        lda #8+180+5
.56e4	85 08		sta $08		        sta Y2
.56e6	a9 00		lda #$00	        lda #$00
.56e8	85 05		sta $05		        sta Y1+1
.56ea	85 09		sta $09		        sta Y2+1
.56ec	20 15 c0	jsr $c015	        jsr GFX_LINE
.56ef	a9 01		lda #$01	        lda #$01
.56f1	85 03		sta $03		        sta X1+1
.56f3	a9 31		lda #$31	        lda #16+288+1-256
.56f5	85 02		sta $02		        sta X1
.56f7	a9 01		lda #$01	        lda #$01
.56f9	85 07		sta $07		        sta X2+1
.56fb	a9 31		lda #$31	        lda #16+288+1-256
.56fd	85 06		sta $06		        sta X2
.56ff	a9 0d		lda #$0d	        lda #8+5
.5701	85 04		sta $04		        sta Y1
.5703	a9 c1		lda #$c1	        lda #8+180+5
.5705	85 08		sta $08		        sta Y2
.5707	a9 00		lda #$00	        lda #$00
.5709	85 05		sta $05		        sta Y1+1
.570b	85 09		sta $09		        sta Y2+1
.570d	20 15 c0	jsr $c015	        jsr GFX_LINE
.5710	a9 01		lda #$01	        lda #$01
.5712	85 03		sta $03		        sta X1+1
.5714	a9 32		lda #$32	        lda #16+288+2-256
.5716	85 02		sta $02		        sta X1
.5718	a9 01		lda #$01	        lda #$01
.571a	85 07		sta $07		        sta X2+1
.571c	a9 32		lda #$32	        lda #16+288+2-256
.571e	85 06		sta $06		        sta X2
.5720	a9 0d		lda #$0d	        lda #8+5
.5722	85 04		sta $04		        sta Y1
.5724	a9 c1		lda #$c1	        lda #8+180+5
.5726	85 08		sta $08		        sta Y2
.5728	a9 00		lda #$00	        lda #$00
.572a	85 05		sta $05		        sta Y1+1
.572c	85 09		sta $09		        sta Y2+1
.572e	20 15 c0	jsr $c015	        jsr GFX_LINE
.5731	a9 01		lda #$01	        lda #$01
.5733	85 03		sta $03		        sta X1+1
.5735	a9 33		lda #$33	        lda #16+288+3-256
.5737	85 02		sta $02		        sta X1
.5739	a9 01		lda #$01	        lda #$01
.573b	85 07		sta $07		        sta X2+1
.573d	a9 33		lda #$33	        lda #16+288+3-256
.573f	85 06		sta $06		        sta X2
.5741	a9 0d		lda #$0d	        lda #8+5
.5743	85 04		sta $04		        sta Y1
.5745	a9 c1		lda #$c1	        lda #8+180+5
.5747	85 08		sta $08		        sta Y2
.5749	a9 00		lda #$00	        lda #$00
.574b	85 05		sta $05		        sta Y1+1
.574d	85 09		sta $09		        sta Y2+1
.574f	20 15 c0	jsr $c015	        jsr GFX_LINE
.5752	a9 01		lda #$01	        lda #$01
.5754	85 03		sta $03		        sta X1+1
.5756	a9 34		lda #$34	        lda #16+288+4-256
.5758	85 02		sta $02		        sta X1
.575a	a9 01		lda #$01	        lda #$01
.575c	85 07		sta $07		        sta X2+1
.575e	a9 34		lda #$34	        lda #16+288+4-256
.5760	85 06		sta $06		        sta X2
.5762	a9 0d		lda #$0d	        lda #8+5
.5764	85 04		sta $04		        sta Y1
.5766	a9 c1		lda #$c1	        lda #8+180+5
.5768	85 08		sta $08		        sta Y2
.576a	a9 00		lda #$00	        lda #$00
.576c	85 05		sta $05		        sta Y1+1
.576e	85 09		sta $09		        sta Y2+1
.5770	20 15 c0	jsr $c015	        jsr GFX_LINE
.5773	a9 01		lda #$01	        lda #$01
.5775	85 03		sta $03		        sta X1+1
.5777	a9 35		lda #$35	        lda #16+288+5-256
.5779	85 02		sta $02		        sta X1
.577b	a9 01		lda #$01	        lda #$01
.577d	85 07		sta $07		        sta X2+1
.577f	a9 35		lda #$35	        lda #16+288+5-256
.5781	85 06		sta $06		        sta X2
.5783	a9 0d		lda #$0d	        lda #8+5
.5785	85 04		sta $04		        sta Y1
.5787	a9 c1		lda #$c1	        lda #8+180+5
.5789	85 08		sta $08		        sta Y2
.578b	a9 00		lda #$00	        lda #$00
.578d	85 05		sta $05		        sta Y1+1
.578f	85 09		sta $09		        sta Y2+1
.5791	20 15 c0	jsr $c015	        jsr GFX_LINE
.5794	a9 01		lda #$01	    LDA #$01
.5796	20 0c c0	jsr $c00c	    JSR GFX_SETCOLOR
.5799	a9 00		lda #$00	        lda #0
.579b	85 05		sta $05		        sta Y1+1
.579d	ae 4b 66	ldx $664b	        ldx driveview
.57a0	bd db 63	lda $63db,x	        lda titlesL,x
.57a3	85 14		sta $14		        sta r9L
.57a5	bd dd 63	lda $63dd,x	        lda titlesH,x
.57a8	85 15		sta $15		        sta r9H
.57aa	a9 18		lda #$18	        lda #24
.57ac	85 02		sta $02		        sta X1
.57ae	a9 00		lda #$00	        lda #0
.57b0	85 03		sta $03		        sta X1+1
.57b2	85 05		sta $05		        sta Y1+1
.57b4	a9 0e		lda #$0e	        lda #14
.57b6	85 04		sta $04		        sta Y1
.57b8	20 1e c0	jsr $c01e	        jsr GPUTS
.57bb	ae 4b 66	ldx $664b	        ldx driveview
.57be	bd e3 63	lda $63e3,x	        lda switchesL,x
.57c1	85 14		sta $14		        sta r9L
.57c3	bd e5 63	lda $63e5,x	        lda switchesH,x
.57c6	85 15		sta $15		        sta r9H
.57c8	a9 f0		lda #$f0	        lda #240
.57ca	85 02		sta $02		        sta X1
.57cc	a9 00		lda #$00	        lda #0
.57ce	85 03		sta $03		        sta X1+1
.57d0	85 05		sta $05		        sta Y1+1
.57d2	a9 0e		lda #$0e	        lda #14
.57d4	85 04		sta $04		        sta Y1
.57d6	20 1e c0	jsr $c01e	        jsr GPUTS
.57d9	a9 02		lda #$02	        lda #2
.57db					clear_vdc:
.57db	48		pha		        pha
.57dc	20 38 08	jsr $0838	        jsr VDCLR
.57df	68		pla		        pla
.57e0	18		clc		        clc
.57e1	69 01		adc #$01	        adc #1
.57e3	c9 18		cmp #$18	        cmp #24
.57e5	d0 f4		bne $57db	        bne clear_vdc
.57e7	a2 18		ldx #$18	        ldx #24
.57e9	a9 00		lda #$00	        lda #0
.57eb					frame_lengths:
.57eb	9d d3 5d	sta $5dd3,x	        sta vlength,x
.57ee	ca		dex		        dex
.57ef	10 fa		bpl $57eb	        bpl frame_lengths
.57f1	a9 ff		lda #$ff	        lda #$ff
.57f3	8d ce 5d	sta $5dce	        sta labelview
.57f6	ae 4b 66	ldx $664b	        ldx driveview
.57f9	bd db 63	lda $63db,x	        lda titlesL,x
.57fc	85 14		sta $14		        sta r9L
.57fe	bd dd 63	lda $63dd,x	        lda titlesH,x
.5801	85 15		sta $15		        sta r9H
.5803	a9 02		lda #$02	        lda #2
.5805	a2 00		ldx #$00	        ldx #0
.5807	20 35 08	jsr $0835	        jsr VDTEXT
.580a	ae 4b 66	ldx $664b	        ldx driveview
.580d	bd df 63	lda $63df,x	        lda helpsL,x
.5810	85 14		sta $14		        sta r9L
.5812	bd e1 63	lda $63e1,x	        lda helpsH,x
.5815	85 15		sta $15		        sta r9H
.5817	a9 17		lda #$17	        lda #23
.5819	a2 00		ldx #$00	        ldx #0
.581b	20 35 08	jsr $0835	        jsr VDTEXT
.581e	a9 00		lda #$00	        lda #0
.5820	8d c7 5d	sta $5dc7	        sta row
.5823					toolbar:
.5823	ae c7 5d	ldx $5dc7	        ldx row
.5826	ad 4b 66	lda $664b	        lda driveview
.5829	f0 05		beq $5830	        beq file_button
.582b	8a		txa		        txa
.582c	18		clc		        clc
.582d	69 08		adc #$08	        adc #8
.582f	aa		tax		        tax
.5830					file_button:
.5830	bd 7b 5d	lda $5d7b,x	        lda buttonL,x
.5833	85 14		sta $14		        sta r9L
.5835	bd 8b 5d	lda $5d8b,x	        lda buttonH,x
.5838	85 15		sta $15		        sta r9H
.583a	ad c7 5d	lda $5dc7	        lda row
.583d	0a		asl a		        asl
.583e	0a		asl a		        asl
.583f	8d c9 5d	sta $5dc9	        sta draw_x
.5842	a9 00		lda #$00	        lda #0
.5844	85 03		sta $03		        sta X1+1
.5846	ad c9 5d	lda $5dc9	        lda draw_x
.5849	0a		asl a		        asl
.584a	0a		asl a		        asl
.584b	0a		asl a		        asl
.584c	26 03		rol $03		        rol X1+1
.584e	18		clc		        clc
.584f	6d c9 5d	adc $5dc9	        adc draw_x
.5852	85 02		sta $02		        sta X1
.5854	a5 03		lda $03		        lda X1+1
.5856	69 00		adc #$00	        adc #0
.5858	85 03		sta $03		        sta X1+1
.585a	18		clc		        clc
.585b	a5 02		lda $02		        lda X1
.585d	69 12		adc #$12	        adc #18
.585f	85 02		sta $02		        sta X1
.5861	90 02		bcc $5865	        bcc toolbar_y
.5863	e6 03		inc $03		        inc X1+1
.5865					toolbar_y:
.5865	a9 b0		lda #$b0	        lda #176
.5867	85 04		sta $04		        sta Y1
.5869	a9 00		lda #$00	        lda #0
.586b	85 05		sta $05		        sta Y1+1
.586d	20 1e c0	jsr $c01e	        jsr GPUTS
.5870	ee c7 5d	inc $5dc7	        inc row
.5873	ad c7 5d	lda $5dc7	        lda row
.5876	c9 08		cmp #$08	        cmp #8
.5878	d0 a9		bne $5823	        bne toolbar
.587a	60		rts		        rts
.587b					paint:
.587b	ad 4b 66	lda $664b	        lda driveview
.587e	f0 03		beq $5883	        beq paint_files
.5880	4c a0 62	jmp $62a0	        jmp drive_paint
.5883					paint_files:
.5883	ad cc 5d	lda $5dcc	        lda dirty
.5886	29 10		and #$10	        and #DIR_PATH
.5888	f0 1e		beq $58a8	        beq paint_list_test
.588a	20 60 55	jsr $5560	        jsr path_source
.588d	a2 4c		ldx #$4c	        ldx #76
.588f	20 73 55	jsr $5573	        jsr text_chunk
.5892	a9 03		lda #$03	        lda #3
.5894	a2 00		ldx #$00	        ldx #0
.5896	20 7f 5a	jsr $5a7f	        jsr vdc_line
.5899	a9 00		lda #$00	        lda #0
.589b	8d 4e 5e	sta $5e4e	        sta line+34
.589e	a9 1a		lda #$1a	        lda #26
.58a0	20 da 5a	jsr $5ada	        jsr clear_field
.58a3	a9 1a		lda #$1a	        lda #26
.58a5	20 6d 5a	jsr $5a6d	        jsr vic_line
.58a8					paint_list_test:
.58a8	ad cc 5d	lda $5dcc	        lda dirty
.58ab	29 01		and #$01	        and #DIR_LIST
.58ad	f0 06		beq $58b5	        beq paint_select_test
.58af	20 09 59	jsr $5909	        jsr paint_rows
.58b2	4c ce 58	jmp $58ce	        jmp paint_detail_test
.58b5					paint_select_test:
.58b5	ad cc 5d	lda $5dcc	        lda dirty
.58b8	29 02		and #$02	        and #DIR_SELECT
.58ba	f0 12		beq $58ce	        beq paint_detail_test
.58bc	ad cd 5d	lda $5dcd	        lda oldselected
.58bf	8d c7 5d	sta $5dc7	        sta row
.58c2	20 7b 59	jsr $597b	        jsr paint_prefix
.58c5	ad bd 5d	lda $5dbd	        lda selected
.58c8	8d c7 5d	sta $5dc7	        sta row
.58cb	20 7b 59	jsr $597b	        jsr paint_prefix
.58ce					paint_detail_test:
.58ce	ad cc 5d	lda $5dcc	        lda dirty
.58d1	29 04		and #$04	        and #DIR_DETAIL
.58d3	f0 03		beq $58d8	        beq paint_status_test
.58d5	20 e6 59	jsr $59e6	        jsr paint_details
.58d8					paint_status_test:
.58d8	ad cc 5d	lda $5dcc	        lda dirty
.58db	29 08		and #$08	        and #DIR_STATUS
.58dd	f0 1e		beq $58fd	        beq paint_done
.58df	a2 00		ldx #$00	        ldx #0
.58e1					status_line:
.58e1	bd 0a 5e	lda $5e0a,x	        lda status,x
.58e4	9d 2c 5e	sta $5e2c,x	        sta line,x
.58e7	f0 03		beq $58ec	        beq status_ready
.58e9	e8		inx		        inx
.58ea	d0 f5		bne $58e1	        bne status_line
.58ec					status_ready:
.58ec	a9 a4		lda #$a4	        lda #164
.58ee	20 da 5a	jsr $5ada	        jsr clear_field
.58f1	a9 a4		lda #$a4	        lda #164
.58f3	20 6d 5a	jsr $5a6d	        jsr vic_line
.58f6	a9 16		lda #$16	        lda #22
.58f8	a2 00		ldx #$00	        ldx #0
.58fa	20 7f 5a	jsr $5a7f	        jsr vdc_line
.58fd					paint_done:
.58fd	ad bd 5d	lda $5dbd	        lda selected
.5900	8d cd 5d	sta $5dcd	        sta oldselected
.5903	a9 00		lda #$00	        lda #0
.5905	8d cc 5d	sta $5dcc	        sta dirty
.5908	60		rts		        rts
.5909					paint_rows:
.5909	a9 00		lda #$00	        lda #0
.590b	8d c7 5d	sta $5dc7	        sta row
.590e					paint_row:
.590e	ae c7 5d	ldx $5dc7	        ldx row
.5911	bd de 59	lda $59de,x	        lda row_y,x
.5914	8d c8 5d	sta $5dc8	        sta draw_y
.5917	20 da 5a	jsr $5ada	        jsr clear_field
.591a	ae c7 5d	ldx $5dc7	        ldx row
.591d	ec be 5d	cpx $5dbe	        cpx count
.5920	90 07		bcc $5929	        bcc paint_name
.5922	a9 00		lda #$00	        lda #0
.5924	8d 2c 5e	sta $5e2c	        sta line
.5927	f0 13		beq $593c	        beq row_vdc
.5929					paint_name:
.5929	20 3d 55	jsr $553d	        jsr row_source
.592c	a2 4a		ldx #$4a	        ldx #74
.592e	20 73 55	jsr $5573	        jsr text_chunk
.5931	a5 64		lda $64		        lda remain
.5933	05 65		ora $65		        ora remain+1
.5935	f0 05		beq $593c	        beq row_vdc
.5937	a9 3e		lda #$3e	        lda #$3e
.5939	8d 75 5e	sta $5e75	        sta line+73
.593c					row_vdc:
.593c	ad c7 5d	lda $5dc7	        lda row
.593f	18		clc		        clc
.5940	69 04		adc #$04	        adc #4
.5942	a2 03		ldx #$03	        ldx #3
.5944	20 7f 5a	jsr $5a7f	        jsr vdc_line
.5947	ae c7 5d	ldx $5dc7	        ldx row
.594a	ec be 5d	cpx $5dbe	        cpx count
.594d	b0 1e		bcs $596d	        bcs row_prefix
.594f	bd ff 5d	lda $5dff,x	        lda lengthsH,x
.5952	d0 07		bne $595b	        bne row_vic_long
.5954	bd f7 5d	lda $5df7,x	        lda lengthsL,x
.5957	c9 20		cmp #$20	        cmp #32
.5959	90 05		bcc $5960	        bcc row_vic_fits
.595b					row_vic_long:
.595b	a9 3e		lda #$3e	        lda #$3e
.595d	8d 4a 5e	sta $5e4a	        sta line+30
.5960					row_vic_fits:
.5960	a9 00		lda #$00	        lda #0
.5962	8d 4b 5e	sta $5e4b	        sta line+31
.5965	ad c8 5d	lda $5dc8	        lda draw_y
.5968	a2 28		ldx #$28	        ldx #40
.596a	20 6f 5a	jsr $5a6f	        jsr vic_at
.596d					row_prefix:
.596d	20 7b 59	jsr $597b	        jsr paint_prefix
.5970	ee c7 5d	inc $5dc7	        inc row
.5973	ad c7 5d	lda $5dc7	        lda row
.5976	c9 08		cmp #$08	        cmp #ROWS
.5978	d0 94		bne $590e	        bne paint_row
.597a	60		rts		        rts
.597b					paint_prefix:
.597b	ae c7 5d	ldx $5dc7	        ldx row
.597e	bd de 59	lda $59de,x	        lda row_y,x
.5981	8d c8 5d	sta $5dc8	        sta draw_y
.5984	a2 02		ldx #$02	        ldx #2
.5986	a0 03		ldy #$03	        ldy #3
.5988	20 de 5a	jsr $5ade	        jsr clear_text
.598b	a9 20		lda #$20	        lda #$20
.598d	8d 07 5e	sta $5e07	        sta prefix
.5990	8d 08 5e	sta $5e08	        sta prefix+1
.5993	ae c7 5d	ldx $5dc7	        ldx row
.5996	ec be 5d	cpx $5dbe	        cpx count
.5999	b0 16		bcs $59b1	        bcs prefix_draw
.599b	ec bd 5d	cpx $5dbd	        cpx selected
.599e	d0 05		bne $59a5	        bne prefix_kind
.59a0	a9 3e		lda #$3e	        lda #$3e
.59a2	8d 07 5e	sta $5e07	        sta prefix
.59a5					prefix_kind:
.59a5	bd ef 5d	lda $5def,x	        lda attrs,x
.59a8	29 10		and #$10	        and #$10
.59aa	f0 05		beq $59b1	        beq prefix_draw
.59ac	a9 2f		lda #$2f	        lda #$2f
.59ae	8d 08 5e	sta $5e08	        sta prefix+1
.59b1					prefix_draw:
.59b1	a9 07		lda #$07	        lda #<prefix
.59b3	85 14		sta $14		        sta r9L
.59b5	a9 5e		lda #$5e	        lda #>prefix
.59b7	85 15		sta $15		        sta r9H
.59b9	a9 18		lda #$18	        lda #24
.59bb	85 02		sta $02		        sta X1
.59bd	a9 00		lda #$00	        lda #0
.59bf	85 03		sta $03		        sta X1+1
.59c1	85 05		sta $05		        sta Y1+1
.59c3	ad c8 5d	lda $5dc8	        lda draw_y
.59c6	85 04		sta $04		        sta Y1
.59c8	20 1e c0	jsr $c01e	        jsr GPUTS
.59cb	a9 07		lda #$07	        lda #<prefix
.59cd	85 14		sta $14		        sta r9L
.59cf	a9 5e		lda #$5e	        lda #>prefix
.59d1	85 15		sta $15		        sta r9H
.59d3	ad c7 5d	lda $5dc7	        lda row
.59d6	18		clc		        clc
.59d7	69 04		adc #$04	        adc #4
.59d9	a2 00		ldx #$00	        ldx #0
.59db	4c 35 08	jmp $0835	        jmp VDTEXT
>59de	28 34 40 4c 58 64 70 7c		row_y: .byte 40,52,64,76,88,100,112,124
.59e6					paint_details:
.59e6	ad c4 5d	lda $5dc4	        lda viewpath
.59e9	cd ce 5d	cmp $5dce	        cmp labelview
.59ec	f0 1b		beq $5a09	        beq detail_body
.59ee	8d ce 5d	sta $5dce	        sta labelview
.59f1	a9 a5		lda #$a5	        lda #<name_label
.59f3	a2 5c		ldx #$5c	        ldx #>name_label
.59f5	ac c4 5d	ldy $5dc4	        ldy viewpath
.59f8	f0 04		beq $59fe	        beq detail_label
.59fa	a9 c0		lda #$c0	        lda #<path_label
.59fc	a2 5c		ldx #$5c	        ldx #>path_label
.59fe					detail_label:
.59fe	85 14		sta $14		        sta r9L
.5a00	86 15		stx $15		        stx r9H
.5a02	a9 0d		lda #$0d	        lda #13
.5a04	a2 00		ldx #$00	        ldx #0
.5a06	20 35 08	jsr $0835	        jsr VDTEXT
.5a09					detail_body:
.5a09	20 51 55	jsr $5551	        jsr detail_source
.5a0c	18		clc		        clc
.5a0d	a5 60		lda $60		        lda sptr
.5a0f	6d b9 5d	adc $5db9	        adc nameoff
.5a12	85 60		sta $60		        sta sptr
.5a14	a5 61		lda $61		        lda sptr+1
.5a16	6d ba 5d	adc $5dba	        adc nameoff+1
.5a19	85 61		sta $61		        sta sptr+1
.5a1b	38		sec		        sec
.5a1c	a5 64		lda $64		        lda remain
.5a1e	ed b9 5d	sbc $5db9	        sbc nameoff
.5a21	85 64		sta $64		        sta remain
.5a23	a5 65		lda $65		        lda remain+1
.5a25	ed ba 5d	sbc $5dba	        sbc nameoff+1
.5a28	85 65		sta $65		        sta remain+1
.5a2a	a9 00		lda #$00	        lda #0
.5a2c	8d c7 5d	sta $5dc7	        sta row
.5a2f					details_loop:
.5a2f	a2 22		ldx #$22	        ldx #34
.5a31	20 73 55	jsr $5573	        jsr text_chunk
.5a34	ad c7 5d	lda $5dc7	        lda row
.5a37	c9 03		cmp #$03	        cmp #3
.5a39	b0 10		bcs $5a4b	        bcs details_vdc
.5a3b	aa		tax		        tax
.5a3c	bd 61 5a	lda $5a61,x	        lda detail_y,x
.5a3f	8d c8 5d	sta $5dc8	        sta draw_y
.5a42	20 da 5a	jsr $5ada	        jsr clear_field
.5a45	ad c8 5d	lda $5dc8	        lda draw_y
.5a48	20 6d 5a	jsr $5a6d	        jsr vic_line
.5a4b					details_vdc:
.5a4b	ad c7 5d	lda $5dc7	        lda row
.5a4e	18		clc		        clc
.5a4f	69 0e		adc #$0e	        adc #14
.5a51	a2 00		ldx #$00	        ldx #0
.5a53	20 7f 5a	jsr $5a7f	        jsr vdc_line
.5a56	ee c7 5d	inc $5dc7	        inc row
.5a59	ad c7 5d	lda $5dc7	        lda row
.5a5c	c9 07		cmp #$07	        cmp #7
.5a5e	d0 cf		bne $5a2f	        bne details_loop
.5a60	60		rts		        rts
>5a61	86 90 9a			detail_y: .byte 134,144,154
.5a64					line_pointer:
.5a64	a9 2c		lda #$2c	        lda #<line
.5a66	85 14		sta $14		        sta r9L
.5a68	a9 5e		lda #$5e	        lda #>line
.5a6a	85 15		sta $15		        sta r9H
.5a6c	60		rts		        rts
.5a6d					vic_line:
.5a6d	a2 18		ldx #$18	        ldx #24
.5a6f					vic_at:
.5a6f	85 04		sta $04		        sta Y1
.5a71	86 02		stx $02		        stx X1
.5a73	a9 00		lda #$00	        lda #0
.5a75	85 03		sta $03		        sta X1+1
.5a77	85 05		sta $05		        sta Y1+1
.5a79	20 64 5a	jsr $5a64	        jsr line_pointer
.5a7c	4c 1e c0	jmp $c01e	        jmp GPUTS
.5a7f					vdc_line:
.5a7f	8d cf 5d	sta $5dcf	        sta vrow
.5a82	8e d0 5d	stx $5dd0	        stx vcol
.5a85	a0 00		ldy #$00	        ldy #0
.5a87					vlength_scan:
.5a87	b9 2c 5e	lda $5e2c,y	        lda line,y
.5a8a	f0 03		beq $5a8f	        beq vlength_found
.5a8c	c8		iny		        iny
.5a8d	d0 f8		bne $5a87	        bne vlength_scan
.5a8f					vlength_found:
.5a8f	8c d1 5d	sty $5dd1	        sty newlength
.5a92	ae cf 5d	ldx $5dcf	        ldx vrow
.5a95	bd d3 5d	lda $5dd3,x	        lda vlength,x
.5a98	8d d2 5d	sta $5dd2	        sta padlength
.5a9b	98		tya		        tya
.5a9c	9d d3 5d	sta $5dd3,x	        sta vlength,x
.5a9f	cd d2 5d	cmp $5dd2	        cmp padlength
.5aa2	b0 12		bcs $5ab6	        bcs vline_ready
.5aa4	a9 20		lda #$20	        lda #$20
.5aa6					vline_pad:
.5aa6	cc d2 5d	cpy $5dd2	        cpy padlength
.5aa9	f0 06		beq $5ab1	        beq vline_end
.5aab	99 2c 5e	sta $5e2c,y	        sta line,y
.5aae	c8		iny		        iny
.5aaf	d0 f5		bne $5aa6	        bne vline_pad
.5ab1					vline_end:
.5ab1	a9 00		lda #$00	        lda #0
.5ab3	99 2c 5e	sta $5e2c,y	        sta line,y
.5ab6					vline_ready:
.5ab6	ad 2c 5e	lda $5e2c	        lda line
.5ab9	f0 0c		beq $5ac7	        beq vline_return
.5abb	20 64 5a	jsr $5a64	        jsr line_pointer
.5abe	ad cf 5d	lda $5dcf	        lda vrow
.5ac1	ae d0 5d	ldx $5dd0	        ldx vcol
.5ac4	20 35 08	jsr $0835	        jsr VDTEXT
.5ac7					vline_return:
.5ac7	ae d1 5d	ldx $5dd1	        ldx newlength
.5aca	a9 00		lda #$00	        lda #0
.5acc	9d 2c 5e	sta $5e2c,x	        sta line,x
.5acf	60		rts		        rts
.5ad0					clear_strip:
.5ad0	8d ec 5d	sta $5dec	        sta clear_y
.5ad3	a9 08		lda #$08	        lda #8
.5ad5	8d ee 5d	sta $5dee	        sta clear_h
.5ad8	d0 0f		bne $5ae9	        bne clear_begin
.5ada					clear_field:
.5ada	a2 22		ldx #$22	        ldx #34
.5adc	a0 03		ldy #$03	        ldy #3
.5ade					clear_text:
.5ade	38		sec		        sec
.5adf	e9 01		sbc #$01	        sbc #1
.5ae1	8d ec 5d	sta $5dec	        sta clear_y
.5ae4	a9 0a		lda #$0a	        lda #10
.5ae6	8d ee 5d	sta $5dee	        sta clear_h
.5ae9					clear_begin:
.5ae9	8e ed 5d	stx $5ded	        stx clear_cols
.5aec	98		tya		        tya
.5aed	0a		asl a		        asl
.5aee	0a		asl a		        asl
.5aef	0a		asl a		        asl
.5af0	85 06		sta $06		        sta r2L
.5af2	ad ec 5d	lda $5dec	        lda clear_y
.5af5	4a		lsr a		        lsr
.5af6	4a		lsr a		        lsr
.5af7	4a		lsr a		        lsr
.5af8	85 03		sta $03		        sta r0H
.5afa	a9 00		lda #$00	        lda #0
.5afc	85 02		sta $02		        sta r0L
.5afe	a5 03		lda $03		        lda r0H
.5b00	4a		lsr a		        lsr
.5b01	66 02		ror $02		        ror r0L
.5b03	4a		lsr a		        lsr
.5b04	66 02		ror $02		        ror r0L
.5b06	18		clc		        clc
.5b07	65 03		adc $03		        adc r0H
.5b09	69 a0		adc #$a0	        adc #$a0
.5b0b	85 03		sta $03		        sta r0H
.5b0d	ad ec 5d	lda $5dec	        lda clear_y
.5b10	29 07		and #$07	        and #7
.5b12	18		clc		        clc
.5b13	65 06		adc $06		        adc r2L
.5b15	65 02		adc $02		        adc r0L
.5b17	85 02		sta $02		        sta r0L
.5b19	90 02		bcc $5b1d	        bcc clear_row
.5b1b	e6 03		inc $03		        inc r0H
.5b1d					clear_row:
.5b1d	a5 02		lda $02		        lda r0L
.5b1f	85 04		sta $04		        sta r1L
.5b21	a5 03		lda $03		        lda r0H
.5b23	85 05		sta $05		        sta r1H
.5b25	ae ed 5d	ldx $5ded	        ldx clear_cols
.5b28	a0 00		ldy #$00	        ldy #0
.5b2a					clear_column:
.5b2a	a9 00		lda #$00	        lda #0
.5b2c	91 04		sta ($04),y	        sta (r1),y
.5b2e	18		clc		        clc
.5b2f	a5 04		lda $04		        lda r1L
.5b31	69 08		adc #$08	        adc #8
.5b33	85 04		sta $04		        sta r1L
.5b35	90 02		bcc $5b39	        bcc clear_next_col
.5b37	e6 05		inc $05		        inc r1H
.5b39					clear_next_col:
.5b39	ca		dex		        dex
.5b3a	d0 ee		bne $5b2a	        bne clear_column
.5b3c	e6 02		inc $02		        inc r0L
.5b3e	d0 02		bne $5b42	        bne clear_next_y
.5b40	e6 03		inc $03		        inc r0H
.5b42					clear_next_y:
.5b42	ee ec 5d	inc $5dec	        inc clear_y
.5b45	ad ec 5d	lda $5dec	        lda clear_y
.5b48	29 07		and #$07	        and #7
.5b4a	d0 0d		bne $5b59	        bne clear_next_row
.5b4c	18		clc		        clc
.5b4d	a5 02		lda $02		        lda r0L
.5b4f	69 38		adc #$38	        adc #<$138
.5b51	85 02		sta $02		        sta r0L
.5b53	a5 03		lda $03		        lda r0H
.5b55	69 01		adc #$01	        adc #>$138
.5b57	85 03		sta $03		        sta r0H
.5b59					clear_next_row:
.5b59	ce ee 5d	dec $5dee	        dec clear_h
.5b5c	d0 bf		bne $5b1d	        bne clear_row
.5b5e	60		rts		        rts
.5b5f					mouse_action:
.5b5f	08		php		        php
.5b60	78		sei		        sei
.5b61	ad 10 d0	lda $d010	        lda $d010
.5b64	29 01		and #$01	        and #1
.5b66	85 69		sta $69		        sta mx+1
.5b68	38		sec		        sec
.5b69	ad 00 d0	lda $d000	        lda $d000
.5b6c	e9 18		sbc #$18	        sbc #24
.5b6e	85 68		sta $68		        sta mx
.5b70	a5 69		lda $69		        lda mx+1
.5b72	e9 00		sbc #$00	        sbc #0
.5b74	85 69		sta $69		        sta mx+1
.5b76	ad 01 d0	lda $d001	        lda $d001
.5b79	38		sec		        sec
.5b7a	e9 32		sbc #$32	        sbc #50
.5b7c	85 6a		sta $6a		        sta my
.5b7e	28		plp		        plp
.5b7f	a5 69		lda $69		        lda mx+1
.5b81	f0 0c		beq $5b8f	        beq mouse_left
.5b83	c9 01		cmp #$01	        cmp #1
.5b85	d0 0e		bne $5b95	        bne mouse_reject
.5b87	a5 68		lda $68		        lda mx
.5b89	c9 30		cmp #$30	        cmp #48
.5b8b	b0 08		bcs $5b95	        bcs mouse_reject
.5b8d	90 09		bcc $5b98	        bcc mouse_y
.5b8f					mouse_left:
.5b8f	a5 68		lda $68		        lda mx
.5b91	c9 10		cmp #$10	        cmp #16
.5b93	b0 03		bcs $5b98	        bcs mouse_y
.5b95					mouse_reject:
.5b95	a9 00		lda #$00	        lda #0
.5b97	60		rts		        rts
.5b98					mouse_y:
.5b98	a5 6a		lda $6a		        lda my
.5b9a	c9 0e		cmp #$0e	        cmp #14
.5b9c	90 f7		bcc $5b95	        bcc mouse_reject
.5b9e	c9 18		cmp #$18	        cmp #24
.5ba0	b0 0d		bcs $5baf	        bcs mouse_content
.5ba2	a5 69		lda $69		        lda mx+1
.5ba4	d0 06		bne $5bac	        bne mouse_switch
.5ba6	a5 68		lda $68		        lda mx
.5ba8	c9 f0		cmp #$f0	        cmp #240
.5baa	90 e9		bcc $5b95	        bcc mouse_reject
.5bac					mouse_switch:
.5bac	a9 44		lda #$44	        lda #$44
.5bae	60		rts		        rts
.5baf					mouse_content:
.5baf	a5 6a		lda $6a		        lda my
.5bb1	c9 1a		cmp #$1a	        cmp #26
.5bb3	90 e0		bcc $5b95	        bcc mouse_reject
.5bb5	c9 23		cmp #$23	        cmp #35
.5bb7	90 47		bcc $5c00	        bcc mouse_path
.5bb9	c9 28		cmp #$28	        cmp #40
.5bbb	90 d8		bcc $5b95	        bcc mouse_reject
.5bbd	c9 88		cmp #$88	        cmp #136
.5bbf	90 42		bcc $5c03	        bcc mouse_row
.5bc1	c9 ae		cmp #$ae	        cmp #174
.5bc3	90 7a		bcc $5c3f	        bcc mouse_none
.5bc5	c9 ba		cmp #$ba	        cmp #186
.5bc7	b0 76		bcs $5c3f	        bcs mouse_none
.5bc9	38		sec		        sec
.5bca	a5 68		lda $68		        lda mx
.5bcc	e9 10		sbc #$10	        sbc #16
.5bce	85 68		sta $68		        sta mx
.5bd0	a5 69		lda $69		        lda mx+1
.5bd2	e9 00		sbc #$00	        sbc #0
.5bd4	85 69		sta $69		        sta mx+1
.5bd6	a2 00		ldx #$00	        ldx #0
.5bd8					mouse_button:
.5bd8	a5 69		lda $69		        lda mx+1
.5bda	d0 06		bne $5be2	        bne mouse_sub
.5bdc	a5 68		lda $68		        lda mx
.5bde	c9 24		cmp #$24	        cmp #36
.5be0	90 10		bcc $5bf2	        bcc mouse_key
.5be2					mouse_sub:
.5be2	38		sec		        sec
.5be3	a5 68		lda $68		        lda mx
.5be5	e9 24		sbc #$24	        sbc #36
.5be7	85 68		sta $68		        sta mx
.5be9	a5 69		lda $69		        lda mx+1
.5beb	e9 00		sbc #$00	        sbc #0
.5bed	85 69		sta $69		        sta mx+1
.5bef	e8		inx		        inx
.5bf0	d0 e6		bne $5bd8	        bne mouse_button
.5bf2					mouse_key:
.5bf2	ad 4b 66	lda $664b	        lda driveview
.5bf5	f0 05		beq $5bfc	        beq mouse_file_key
.5bf7	8a		txa		        txa
.5bf8	18		clc		        clc
.5bf9	69 08		adc #$08	        adc #8
.5bfb	aa		tax		        tax
.5bfc					mouse_file_key:
.5bfc	bd 9b 5d	lda $5d9b,x	        lda buttonkeys,x
.5bff	60		rts		        rts
.5c00					mouse_path:
.5c00	a9 50		lda #$50	        lda #$50
.5c02	60		rts		        rts
.5c03					mouse_row:
.5c03	38		sec		        sec
.5c04	e9 28		sbc #$28	        sbc #40
.5c06	a2 00		ldx #$00	        ldx #0
.5c08					mouse_row_div:
.5c08	c9 0c		cmp #$0c	        cmp #12
.5c0a	90 05		bcc $5c11	        bcc mouse_select
.5c0c	e9 0c		sbc #$0c	        sbc #12
.5c0e	e8		inx		        inx
.5c0f	d0 f7		bne $5c08	        bne mouse_row_div
.5c11					mouse_select:
.5c11	ad 4b 66	lda $664b	        lda driveview
.5c14	f0 16		beq $5c2c	        beq mouse_file_select
.5c16	ec 4c 66	cpx $664c	        cpx drive_count
.5c19	b0 24		bcs $5c3f	        bcs mouse_none
.5c1b	8e 4f 66	stx $664f	        stx drive_selected
.5c1e	a9 00		lda #$00	        lda #0
.5c20	8d 53 66	sta $6653	        sta pending
.5c23	20 9d 60	jsr $609d	        jsr drive_hint
.5c26	20 7b 58	jsr $587b	        jsr paint
.5c29	4c 3f 5c	jmp $5c3f	        jmp mouse_none
.5c2c					mouse_file_select:
.5c2c	ec be 5d	cpx $5dbe	        cpx count
.5c2f	b0 0e		bcs $5c3f	        bcs mouse_none
.5c31	a9 00		lda #$00	        lda #0
.5c33	8d c2 5d	sta $5dc2	        sta ready
.5c36	8e bd 5d	stx $5dbd	        stx selected
.5c39	20 70 51	jsr $5170	        jsr reset_view
.5c3c	20 7b 58	jsr $587b	        jsr paint
.5c3f					mouse_none:
.5c3f	a9 00		lda #$00	        lda #0
.5c41	60		rts		        rts
>5c42	d5 4c 54 49 4d 41 54 45		title: .text "Ultimate files",0
>5c4a	20 46 49 4c 45 53 00
>5c51	55 50 2f 44 4e 20 53 45		help: .text "up/dn select enter open U up / root N/B page R retry P path D drives ESC exit",0
>5c59	4c 45 43 54 20 45 4e 54 45 52 20 4f 50 45 4e 20
>5c69	d5 20 55 50 20 2f 20 52 4f 4f 54 20 ce 2f c2 20
>5c79	50 41 47 45 20 d2 20 52 45 54 52 59 20 d0 20 50
>5c89	41 54 48 20 c4 20 44 52 49 56 45 53 20 c5 d3 c3
>5c99	20 45 58 49 54 00
>5c9f	49 54 45 4d 53 20		items_text: .text "items "
>5ca5	53 45 4c 45 43 54 45 44		name_label: .text "selected name (< > scroll)",0
>5cad	20 4e 41 4d 45 20 28 3c 20 3e 20 53 43 52 4f 4c
>5cbd	4c 29 00
>5cc0	43 55 52 52 45 4e 54 20		path_label: .text "current path (< > scroll) ",0
>5cc8	50 41 54 48 20 28 3c 20 3e 20 53 43 52 4f 4c 4c
>5cd8	29 20 00
>5cdb	45 4d 50 54 59 20 44 49		empty_text: .text "empty directory; U=parent / root",0
>5ce3	52 45 43 54 4f 52 59 3b 20 d5 3d 50 41 52 45 4e
>5cf3	54 20 2f 20 52 4f 4f 54 00
>5cfc	d5 4c 54 49 4d 41 54 45		transport_error: .text "Ultimate unavailable; R=retry",0
>5d04	20 55 4e 41 56 41 49 4c 41 42 4c 45 3b 20 d2 3d
>5d14	52 45 54 52 59 00
>5d1a	49 4e 56 41 4c 49 44 20		invalid_text: .text "invalid or clipped reply; R=retry",0
>5d22	4f 52 20 43 4c 49 50 50 45 44 20 52 45 50 4c 59
>5d32	3b 20 d2 3d 52 45 54 52 59 00
>5d3c	43 41 4e 43 45 4c 4c 45		cancel_text: .text "cancelled; R=retry ESC=desktop",0
>5d44	44 3b 20 d2 3d 52 45 54 52 59 20 c5 d3 c3 3d 44
>5d54	45 53 4b 54 4f 50 00
>5d5b	3c 00				btn_left: .text "<",0
>5d5d	3e 00				btn_right: .text ">",0
>5d5f	4f 50 45 4e 00			btn_open: .text "open",0
>5d64	55 50 00			btn_up: .text "up",0
>5d67	52 4f 4f 54 00			btn_root: .text "root",0
>5d6c	50 52 45 56 00			btn_prev: .text "prev",0
>5d71	4e 45 58 54 00			btn_next: .text "next",0
>5d76	45 58 49 54 00			btn_exit: .text "exit",0
>5d7b	5b 5d 5f 64 67 6c 71 76		buttonL: .byte <btn_left,<btn_right,<btn_open,<btn_up,<btn_root,<btn_prev,<btn_next,<btn_exit
>5d83	64 28 2d 31 36 3b 3f 42		         .byte <btn_up,<btn_down,<btn_mount,<btn_eject,<btn_retry,<btn_yes,<btn_no,<btn_back
>5d8b	5d 5d 5d 5d 5d 5d 5d 5d		buttonH: .byte >btn_left,>btn_right,>btn_open,>btn_up,>btn_root,>btn_prev,>btn_next,>btn_exit
>5d93	5d 66 66 66 66 66 66 66		         .byte >btn_up,>btn_down,>btn_mount,>btn_eject,>btn_retry,>btn_yes,>btn_no,>btn_back
>5d9b	9d 1d 0d 55 2f 42 4e 1b		buttonkeys: .byte $9d,$1d,$0d,$55,$2f,$42,$4e,$1b
>5da3	91 11 4d 45 52 0d 1b 44		            .byte $91,$11,$4d,$45,$52,$0d,$1b,$44
>5dab	69 6b 6d 6f 74 76 78 7a		cache_pages: .byte $69,$6b,$6d,$6f,$74,$76,$78,$7a
>5db3	00 00				base: .word 0
>5db5	00 00				seen: .word 0
>5db7	00 00				pathlen: .word 0
>5db9	00 00				nameoff: .word 0
>5dbb	00 00				commandlen: .word 0
>5dbd	00				selected: .byte 0
>5dbe	00				count: .byte 0
>5dbf	00				more: .byte 0
>5dc0	00				scanerror: .byte 0
>5dc1	00				sysdev: .byte 0
>5dc2	00				ready: .byte 0
>5dc3	00				held: .byte 0
>5dc4	00				viewpath: .byte 0
>5dc5	00				key: .byte 0
>5dc6	00				width: .byte 0
>5dc7	00				row: .byte 0
>5dc8	00				draw_y: .byte 0
>5dc9	00				draw_x: .byte 0
>5dca	00				statuspos: .byte 0
>5dcb	00				started: .byte 0
>5dcc	00				dirty: .byte 0
>5dcd	00				oldselected: .byte 0
>5dce	ff				labelview: .byte $ff
>5dcf	00				vrow: .byte 0
>5dd0	00				vcol: .byte 0
>5dd1	00				newlength: .byte 0
>5dd2	00				padlength: .byte 0
>5dd3	00 00 00 00 00 00 00 00		vlength: .fill 25,0
>5ddb	00 00 00 00 00 00 00 00 00 00 00 00 00 00 00 00
>5deb	00
>5dec	00				clear_y: .byte 0
>5ded	00				clear_cols: .byte 0
>5dee	00				clear_h: .byte 0
>5def	00 00 00 00 00 00 00 00		attrs: .fill ROWS,0
>5df7	00 00 00 00 00 00 00 00		lengthsL: .fill ROWS,0
>5dff	00 00 00 00 00 00 00 00		lengthsH: .fill ROWS,0
>5e07	00 00 00			prefix: .byte 0,0,0
>5e0a	00 00 00 00 00 00 00 00		status: .fill 34,0
>5e12	00 00 00 00 00 00 00 00 00 00 00 00 00 00 00 00
>5e22	00 00 00 00 00 00 00 00 00 00
>5e2c	00 00 00 00 00 00 00 00		line: .fill 77,0
>5e34	00 00 00 00 00 00 00 00 00 00 00 00 00 00 00 00
;	...repeated 3 times (48 bytes)...
>5e74	00 00 00 00 00

;******  Processing file: src/ultimate-drives.inc

.5e79					drives:
.5e79	a9 01		lda #$01	        lda #1
.5e7b	8d 4b 66	sta $664b	        sta driveview
.5e7e	a9 00		lda #$00	        lda #0
.5e80	8d 4f 66	sta $664f	        sta drive_selected
.5e83	8d 53 66	sta $6653	        sta pending
.5e86	8d c4 5d	sta $5dc4	        sta viewpath
.5e89	8d b9 5d	sta $5db9	        sta nameoff
.5e8c	8d ba 5d	sta $5dba	        sta nameoff+1
.5e8f	20 34 5f	jsr $5f34	        jsr drive_probe
.5e92	4c b6 55	jmp $55b6	        jmp frame
.5e95					drive_key:
.5e95	c9 44		cmp #$44	        cmp #$44
.5e97	d0 03		bne $5e9c	        bne drive_not_back
.5e99	4c 20 5f	jmp $5f20	        jmp drive_back
.5e9c					drive_not_back:
.5e9c	c9 1b		cmp #$1b	        cmp #$1b
.5e9e	f0 73		beq $5f13	        beq drive_cancel
.5ea0	c9 0d		cmp #$0d	        cmp #$0d
.5ea2	d0 03		bne $5ea7	        bne drive_not_confirm
.5ea4	4c d3 61	jmp $61d3	        jmp drive_confirm
.5ea7					drive_not_confirm:
.5ea7	c9 9d		cmp #$9d	        cmp #$9d
.5ea9	d0 03		bne $5eae	        bne drive_not_left
.5eab	4c 97 51	jmp $5197	        jmp left
.5eae					drive_not_left:
.5eae	c9 1d		cmp #$1d	        cmp #$1d
.5eb0	d0 03		bne $5eb5	        bne drive_not_right
.5eb2	4c b0 51	jmp $51b0	        jmp right
.5eb5					drive_not_right:
.5eb5	c9 50		cmp #$50	        cmp #$50
.5eb7	d0 03		bne $5ebc	        bne drive_not_path
.5eb9	4c 84 51	jmp $5184	        jmp toggle_path
.5ebc					drive_not_path:
.5ebc	48		pha		        pha
.5ebd	ad 53 66	lda $6653	        lda pending
.5ec0	f0 02		beq $5ec4	        beq drive_idle_key
.5ec2	68		pla		        pla                     ; only confirm/cancel or inspection while pending
.5ec3	60		rts		        rts
.5ec4					drive_idle_key:
.5ec4	68		pla		        pla
.5ec5	c9 52		cmp #$52	        cmp #$52
.5ec7	d0 03		bne $5ecc	        bne drive_not_refresh
.5ec9	4c 34 5f	jmp $5f34	        jmp drive_probe
.5ecc					drive_not_refresh:
.5ecc	c9 4d		cmp #$4d	        cmp #$4d
.5ece	d0 09		bne $5ed9	        bne drive_not_mount
.5ed0	20 34 61	jsr $6134	        jsr image_selected
.5ed3	b0 5e		bcs $5f33	        bcs drive_return
.5ed5	a9 23		lda #$23	        lda #$23
.5ed7	d0 06		bne $5edf	        bne drive_prepare
.5ed9					drive_not_mount:
.5ed9	c9 45		cmp #$45	        cmp #$45
.5edb	d0 12		bne $5eef	        bne drive_not_eject
.5edd	a9 24		lda #$24	        lda #$24
.5edf					drive_prepare:
.5edf	48		pha		        pha
.5ee0	20 ce 60	jsr $60ce	        jsr drive_guard
.5ee3	68		pla		        pla
.5ee4	b0 4d		bcs $5f33	        bcs drive_return
.5ee6	8d 53 66	sta $6653	        sta pending
.5ee9	20 aa 61	jsr $61aa	        jsr drive_prompt
.5eec	4c f9 53	jmp $53f9	        jmp dirty_status
.5eef					drive_not_eject:
.5eef	c9 91		cmp #$91	        cmp #$91
.5ef1	f0 15		beq $5f08	        beq drive_up
.5ef3	c9 11		cmp #$11	        cmp #$11
.5ef5	d0 3c		bne $5f33	        bne drive_return
.5ef7	ad 4f 66	lda $664f	        lda drive_selected
.5efa	18		clc		        clc
.5efb	69 01		adc #$01	        adc #1
.5efd	cd 4c 66	cmp $664c	        cmp drive_count
.5f00	b0 31		bcs $5f33	        bcs drive_return
.5f02	8d 4f 66	sta $664f	        sta drive_selected
.5f05	4c 9d 60	jmp $609d	        jmp drive_hint
.5f08					drive_up:
.5f08	ad 4f 66	lda $664f	        lda drive_selected
.5f0b	f0 26		beq $5f33	        beq drive_return
.5f0d	ce 4f 66	dec $664f	        dec drive_selected
.5f10	4c 9d 60	jmp $609d	        jmp drive_hint
.5f13					drive_cancel:
.5f13	ad 53 66	lda $6653	        lda pending
.5f16	f0 08		beq $5f20	        beq drive_back
.5f18	a9 00		lda #$00	        lda #0
.5f1a	8d 53 66	sta $6653	        sta pending
.5f1d	4c 9d 60	jmp $609d	        jmp drive_hint
.5f20					drive_back:
.5f20	a9 00		lda #$00	        lda #0
.5f22	8d 4b 66	sta $664b	        sta driveview
.5f25	8d 53 66	sta $6653	        sta pending
.5f28	20 57 53	jsr $5357	        jsr listed
.5f2b	20 b6 55	jsr $55b6	        jsr frame
.5f2e	a9 1f		lda #$1f	        lda #DIR_ALL
.5f30	8d cc 5d	sta $5dcc	        sta dirty
.5f33					drive_return:
.5f33	60		rts		        rts
.5f34					drive_probe:
.5f34	a9 00		lda #$00	        lda #0
.5f36	8d 4e 66	sta $664e	        sta drive_valid
.5f39	8d 4c 66	sta $664c	        sta drive_count
.5f3c	a2 0b		ldx #$0b	        ldx #11
.5f3e					drive_clear:
.5f3e	9d 59 66	sta $6659,x	        sta drive_records,x
.5f41	ca		dex		        dex
.5f42	10 fa		bpl $5f3e	        bpl drive_clear
.5f44	a9 29		lda #$29	        lda #$29
.5f46	8d 01 7c	sta $7c01	        sta REQUEST+1
.5f49	a9 01		lda #$01	        lda #1
.5f4b	8d 02 7c	sta $7c02	        sta REQUEST+2
.5f4e	a9 03		lda #$03	        lda #3
.5f50	20 b7 60	jsr $60b7	        jsr control_command
.5f53	90 03		bcc $5f58	        bcc drive_probe_status
.5f55	4c 76 52	jmp $5276	        jmp command_error
.5f58					drive_probe_status:
.5f58	c9 00		cmp #$00	        cmp #0
.5f5a	f0 03		beq $5f5f	        beq drive_probe_data
.5f5c	4c 7f 52	jmp $527f	        jmp firmware_error
.5f5f					drive_probe_data:
.5f5f	ad 67 91	lda $9167	        lda NET_TRUNC
.5f62	0d 40 91	ora $9140	        ora NET_LEN+1
.5f65	d0 05		bne $5f6c	        bne drive_probe_bad
.5f67	ad 3f 91	lda $913f	        lda NET_LEN
.5f6a	d0 03		bne $5f6f	        bne drive_probe_length
.5f6c					drive_probe_bad:
.5f6c	4c e9 5f	jmp $5fe9	        jmp drive_invalid
.5f6f					drive_probe_length:
.5f6f	ad 00 88	lda $8800	        lda NET_DATA
.5f72	c9 05		cmp #$05	        cmp #5
.5f74	b0 73		bcs $5fe9	        bcs drive_invalid
.5f76	8d 4d 66	sta $664d	        sta drive_declared
.5f79	0a		asl a		        asl
.5f7a	18		clc		        clc
.5f7b	6d 4d 66	adc $664d	        adc drive_declared
.5f7e	69 01		adc #$01	        adc #1
.5f80	cd 3f 91	cmp $913f	        cmp NET_LEN
.5f83	f0 26		beq $5fab	        beq drive_complete
.5f85	ad 4d 66	lda $664d	        lda drive_declared
.5f88	c9 04		cmp #$04	        cmp #4
.5f8a	d0 5d		bne $5fe9	        bne drive_invalid
.5f8c	ad 3f 91	lda $913f	        lda NET_LEN
.5f8f	c9 07		cmp #$07	        cmp #7
.5f91	d0 56		bne $5fe9	        bne drive_invalid
.5f93	ad 01 88	lda $8801	        lda NET_DATA+1
.5f96	c9 04		cmp #$04	        cmp #4
.5f98	b0 4f		bcs $5fe9	        bcs drive_invalid
.5f9a	ad 04 88	lda $8804	        lda NET_DATA+4
.5f9d	c9 04		cmp #$04	        cmp #4
.5f9f	b0 48		bcs $5fe9	        bcs drive_invalid
.5fa1	a9 02		lda #$02	        lda #2
.5fa3	8d 4c 66	sta $664c	        sta drive_count
.5fa6	8d 4e 66	sta $664e	        sta drive_valid
.5fa9	d0 0b		bne $5fb6	        bne drive_copy
.5fab					drive_complete:
.5fab	ad 4d 66	lda $664d	        lda drive_declared
.5fae	8d 4c 66	sta $664c	        sta drive_count
.5fb1	a9 01		lda #$01	        lda #1
.5fb3	8d 4e 66	sta $664e	        sta drive_valid
.5fb6					drive_copy:
.5fb6	a2 00		ldx #$00	        ldx #0
.5fb8	a0 00		ldy #$00	        ldy #0
.5fba					drive_record:
.5fba	ec 4c 66	cpx $664c	        cpx drive_count
.5fbd	f0 39		beq $5ff8	        beq drive_copied
.5fbf	b9 01 88	lda $8801,y	        lda NET_DATA+1,y
.5fc2	99 59 66	sta $6659,y	        sta drive_records,y
.5fc5	b9 02 88	lda $8802,y	        lda NET_DATA+2,y
.5fc8	c9 1f		cmp #$1f	        cmp #31
.5fca	b0 1d		bcs $5fe9	        bcs drive_invalid
.5fcc	99 5a 66	sta $665a,y	        sta drive_records+1,y
.5fcf	cd c1 5d	cmp $5dc1	        cmp sysdev
.5fd2	d0 05		bne $5fd9	        bne drive_not_system
.5fd4	a9 01		lda #$01	        lda #1
.5fd6	9d 55 66	sta $6655,x	        sta drive_locks,x
.5fd9					drive_not_system:
.5fd9	b9 03 88	lda $8803,y	        lda NET_DATA+3,y
.5fdc	c9 02		cmp #$02	        cmp #2
.5fde	b0 09		bcs $5fe9	        bcs drive_invalid
.5fe0	99 5b 66	sta $665b,y	        sta drive_records+2,y
.5fe3	c8		iny		        iny
.5fe4	c8		iny		        iny
.5fe5	c8		iny		        iny
.5fe6	e8		inx		        inx
.5fe7	d0 d1		bne $5fba	        bne drive_record
.5fe9					drive_invalid:
.5fe9	a9 00		lda #$00	        lda #0
.5feb	8d 4e 66	sta $664e	        sta drive_valid
.5fee	8d 4c 66	sta $664c	        sta drive_count
.5ff1	a9 aa		lda #$aa	        lda #<drive_bad
.5ff3	a2 64		ldx #$64	        ldx #>drive_bad
.5ff5	4c e2 53	jmp $53e2	        jmp set_status
.5ff8					drive_copied:
.5ff8	ad 4e 66	lda $664e	        lda drive_valid
.5ffb	c9 02		cmp #$02	        cmp #2
.5ffd	f0 03		beq $6002	        beq drive_reconcile
.5fff	4c 90 60	jmp $6090	        jmp drive_reconciled
.6002					drive_reconcile:
.6002	ad 5a 66	lda $665a	        lda drive_records+1
.6005	c9 08		cmp #$08	        cmp #8
.6007	90 e0		bcc $5fe9	        bcc drive_invalid
.6009	cd 5d 66	cmp $665d	        cmp drive_records+4
.600c	f0 db		beq $5fe9	        beq drive_invalid
.600e	ad 5d 66	lda $665d	        lda drive_records+4
.6011	c9 08		cmp #$08	        cmp #8
.6013	90 d4		bcc $5fe9	        bcc drive_invalid
.6015	a9 00		lda #$00	        lda #0
.6017	8d 50 66	sta $6650	        sta drive_index
.601a					drive_power:
.601a	ad 50 66	lda $6650	        lda drive_index
.601d	18		clc		        clc
.601e	69 34		adc #$34	        adc #$34
.6020	8d 01 7c	sta $7c01	        sta REQUEST+1
.6023	a9 02		lda #$02	        lda #2
.6025	20 b7 60	jsr $60b7	        jsr control_command
.6028	b0 bf		bcs $5fe9	        bcs drive_invalid
.602a	c9 00		cmp #$00	        cmp #0
.602c	d0 bb		bne $5fe9	        bne drive_invalid
.602e	ad 67 91	lda $9167	        lda NET_TRUNC
.6031	0d 40 91	ora $9140	        ora NET_LEN+1
.6034	d0 b3		bne $5fe9	        bne drive_invalid
.6036	ad 3f 91	lda $913f	        lda NET_LEN
.6039	c9 02		cmp #$02	        cmp #2
.603b	90 ac		bcc $5fe9	        bcc drive_invalid
.603d	c9 04		cmp #$04	        cmp #4
.603f	b0 a8		bcs $5fe9	        bcs drive_invalid
.6041	ad 00 88	lda $8800	        lda NET_DATA
.6044	c9 6f		cmp #$6f	        cmp #$6f
.6046	d0 a1		bne $5fe9	        bne drive_invalid
.6048	ad 01 88	lda $8801	        lda NET_DATA+1
.604b	c9 6e		cmp #$6e	        cmp #$6e
.604d	f0 16		beq $6065	        beq drive_on
.604f	c9 66		cmp #$66	        cmp #$66
.6051	d0 96		bne $5fe9	        bne drive_invalid
.6053	ad 3f 91	lda $913f	        lda NET_LEN
.6056	c9 03		cmp #$03	        cmp #3
.6058	d0 8f		bne $5fe9	        bne drive_invalid
.605a	ad 02 88	lda $8802	        lda NET_DATA+2
.605d	c9 66		cmp #$66	        cmp #$66
.605f	d0 88		bne $5fe9	        bne drive_invalid
.6061	a9 00		lda #$00	        lda #0
.6063	f0 13		beq $6078	        beq drive_power_match
.6065					drive_on:
.6065	ad 3f 91	lda $913f	        lda NET_LEN
.6068	c9 02		cmp #$02	        cmp #2
.606a	f0 0a		beq $6076	        beq drive_is_on
.606c	ad 02 88	lda $8802	        lda NET_DATA+2
.606f	c9 20		cmp #$20	        cmp #$20
.6071	f0 03		beq $6076	        beq drive_is_on
.6073	4c e9 5f	jmp $5fe9	        jmp drive_invalid
.6076					drive_is_on:
.6076	a9 01		lda #$01	        lda #1
.6078					drive_power_match:
.6078	ae 50 66	ldx $6650	        ldx drive_index
.607b	bc 47 66	ldy $6647,x	        ldy drive_offsets,x
.607e	d9 5b 66	cmp $665b,y	        cmp drive_records+2,y
.6081	f0 03		beq $6086	        beq drive_power_next
.6083	4c e9 5f	jmp $5fe9	        jmp drive_invalid
.6086					drive_power_next:
.6086	ee 50 66	inc $6650	        inc drive_index
.6089	ad 50 66	lda $6650	        lda drive_index
.608c	c9 02		cmp #$02	        cmp #2
.608e	d0 8a		bne $601a	        bne drive_power
.6090					drive_reconciled:
.6090	ad 4f 66	lda $664f	        lda drive_selected
.6093	cd 4c 66	cmp $664c	        cmp drive_count
.6096	90 05		bcc $609d	        bcc drive_hint
.6098	a9 00		lda #$00	        lda #0
.609a	8d 4f 66	sta $664f	        sta drive_selected
.609d					drive_hint:
.609d	a9 ca		lda #$ca	        lda #<drive_full
.609f	a2 64		ldx #$64	        ldx #>drive_full
.60a1	ac 4e 66	ldy $664e	        ldy drive_valid
.60a4	c0 01		cpy #$01	        cpy #1
.60a6	f0 0c		beq $60b4	        beq drive_message
.60a8	a9 e3		lda #$e3	        lda #<drive_partial
.60aa	a2 64		ldx #$64	        ldx #>drive_partial
.60ac	c0 02		cpy #$02	        cpy #2
.60ae	f0 04		beq $60b4	        beq drive_message
.60b0	a9 aa		lda #$aa	        lda #<drive_bad
.60b2	a2 64		ldx #$64	        ldx #>drive_bad
.60b4					drive_message:
.60b4	4c e2 53	jmp $53e2	        jmp set_status
.60b7					control_command:
.60b7	48		pha		        pha
.60b8	a9 04		lda #$04	        lda #4
.60ba	8d 00 7c	sta $7c00	        sta REQUEST
.60bd	a9 00		lda #$00	        lda #0
.60bf	8d 62 91	sta $9162	        sta NET_DIRMODE
.60c2	a9 00		lda #$00	        lda #<REQUEST
.60c4	85 02		sta $02		        sta r0L
.60c6	a9 7c		lda #$7c	        lda #>REQUEST
.60c8	85 03		sta $03		        sta r0H
.60ca	68		pla		        pla
.60cb	4c 03 91	jmp $9103	        jmp NET_CMD
.60ce					drive_guard:
.60ce	ad 4e 66	lda $664e	        lda drive_valid
.60d1	f0 58		beq $612b	        beq drive_guard_bad
.60d3	ae 4f 66	ldx $664f	        ldx drive_selected
.60d6	ec 4c 66	cpx $664c	        cpx drive_count
.60d9	b0 50		bcs $612b	        bcs drive_guard_bad
.60db	bc 47 66	ldy $6647,x	        ldy drive_offsets,x
.60de	b9 59 66	lda $6659,y	        lda drive_records,y
.60e1	c9 04		cmp #$04	        cmp #4
.60e3	b0 46		bcs $612b	        bcs drive_guard_bad
.60e5	b9 5a 66	lda $665a,y	        lda drive_records+1,y
.60e8	c9 08		cmp #$08	        cmp #8
.60ea	90 3f		bcc $612b	        bcc drive_guard_bad
.60ec	8d 52 66	sta $6652	        sta drive_id
.60ef	cd c1 5d	cmp $5dc1	        cmp sysdev
.60f2	f0 2b		beq $611f	        beq drive_system
.60f4	bd 55 66	lda $6655,x	        lda drive_locks,x
.60f7	d0 26		bne $611f	        bne drive_system
.60f9	b9 5b 66	lda $665b,y	        lda drive_records+2,y
.60fc	f0 27		beq $6125	        beq drive_off
.60fe	a2 00		ldx #$00	        ldx #0
.6100					drive_unique:
.6100	ec 4c 66	cpx $664c	        cpx drive_count
.6103	f0 18		beq $611d	        beq drive_allowed
.6105	ec 4f 66	cpx $664f	        cpx drive_selected
.6108	f0 10		beq $611a	        beq drive_unique_next
.610a	bc 47 66	ldy $6647,x	        ldy drive_offsets,x
.610d	b9 5b 66	lda $665b,y	        lda drive_records+2,y
.6110	f0 08		beq $611a	        beq drive_unique_next
.6112	b9 5a 66	lda $665a,y	        lda drive_records+1,y
.6115	cd 52 66	cmp $6652	        cmp drive_id
.6118	f0 11		beq $612b	        beq drive_guard_bad
.611a					drive_unique_next:
.611a	e8		inx		        inx
.611b	d0 e3		bne $6100	        bne drive_unique
.611d					drive_allowed:
.611d	18		clc		        clc
.611e	60		rts		        rts
.611f					drive_system:
.611f	a9 03		lda #$03	        lda #<drive_protected
.6121	a2 65		ldx #$65	        ldx #>drive_protected
.6123	d0 0a		bne $612f	        bne drive_denied
.6125					drive_off:
.6125	a9 39		lda #$39	        lda #<drive_off_text
.6127	a2 65		ldx #$65	        ldx #>drive_off_text
.6129	d0 04		bne $612f	        bne drive_denied
.612b					drive_guard_bad:
.612b	a9 1a		lda #$1a	        lda #<drive_unavailable
.612d	a2 65		ldx #$65	        ldx #>drive_unavailable
.612f					drive_denied:
.612f	20 e2 53	jsr $53e2	        jsr set_status
.6132	38		sec		        sec
.6133	60		rts		        rts
.6134					image_selected:
.6134	ad be 5d	lda $5dbe	        lda count
.6137	f0 6a		beq $61a3	        beq image_bad
.6139	ae bd 5d	ldx $5dbd	        ldx selected
.613c	bd ef 5d	lda $5def,x	        lda attrs,x
.613f	29 10		and #$10	        and #$10
.6141	d0 60		bne $61a3	        bne image_bad
.6143	20 3a 55	jsr $553a	        jsr selected_source
.6146	a5 65		lda $65		        lda remain+1
.6148	d0 06		bne $6150	        bne image_long
.614a	a5 64		lda $64		        lda remain
.614c	c9 05		cmp #$05	        cmp #5
.614e	90 53		bcc $61a3	        bcc image_bad
.6150					image_long:
.6150	18		clc		        clc
.6151	a5 60		lda $60		        lda sptr
.6153	65 64		adc $64		        adc remain
.6155	85 60		sta $60		        sta sptr
.6157	a5 61		lda $61		        lda sptr+1
.6159	65 65		adc $65		        adc remain+1
.615b	85 61		sta $61		        sta sptr+1
.615d	38		sec		        sec
.615e	a5 60		lda $60		        lda sptr
.6160	e9 04		sbc #$04	        sbc #4
.6162	85 60		sta $60		        sta sptr
.6164	b0 02		bcs $6168	        bcs image_suffix
.6166	c6 61		dec $61		        dec sptr+1
.6168					image_suffix:
.6168	a0 00		ldy #$00	        ldy #0
.616a	b1 60		lda ($60),y	        lda (sptr),y
.616c	c9 2e		cmp #$2e	        cmp #$2e
.616e	d0 33		bne $61a3	        bne image_bad
.6170	c8		iny		        iny
.6171	b1 60		lda ($60),y	        lda (sptr),y
.6173	29 df		and #$df	        and #$df
.6175	c9 44		cmp #$44	        cmp #$44
.6177	f0 04		beq $617d	        beq image_disk
.6179	c9 47		cmp #$47	        cmp #$47
.617b	d0 26		bne $61a3	        bne image_bad
.617d					image_disk:
.617d	8d 54 66	sta $6654	        sta image_kind
.6180	c8		iny		        iny
.6181	b1 60		lda ($60),y	        lda (sptr),y
.6183	c9 36		cmp #$36	        cmp #$36
.6185	f0 13		beq $619a	        beq image_64
.6187	c9 37		cmp #$37	        cmp #$37
.6189	f0 0b		beq $6196	        beq image_71
.618b	c9 38		cmp #$38	        cmp #$38
.618d	d0 14		bne $61a3	        bne image_bad
.618f	ad 54 66	lda $6654	        lda image_kind
.6192	c9 44		cmp #$44	        cmp #$44
.6194	d0 0d		bne $61a3	        bne image_bad
.6196					image_71:
.6196	a9 31		lda #$31	        lda #$31
.6198	d0 02		bne $619c	        bne image_last
.619a					image_64:
.619a	a9 34		lda #$34	        lda #$34
.619c					image_last:
.619c	c8		iny		        iny
.619d	d1 60		cmp ($60),y	        cmp (sptr),y
.619f	d0 02		bne $61a3	        bne image_bad
.61a1	18		clc		        clc
.61a2	60		rts		        rts
.61a3					image_bad:
.61a3	a9 46		lda #$46	        lda #<image_required
.61a5	a2 65		ldx #$65	        ldx #>image_required
.61a7	4c 2f 61	jmp $612f	        jmp drive_denied
.61aa					drive_prompt:
.61aa	a9 68		lda #$68	        lda #<confirm_text
.61ac	a2 65		ldx #$65	        ldx #>confirm_text
.61ae	20 e2 53	jsr $53e2	        jsr set_status
.61b1	a2 04		ldx #$04	        ldx #4
.61b3					drive_verb:
.61b3	bd 83 65	lda $6583,x	        lda mount_text,x
.61b6	ac 53 66	ldy $6653	        ldy pending
.61b9	c0 23		cpy #$23	        cpy #$23
.61bb	f0 03		beq $61c0	        beq drive_verb_copy
.61bd	bd 88 65	lda $6588,x	        lda eject_text,x
.61c0					drive_verb_copy:
.61c0	9d 0a 5e	sta $5e0a,x	        sta status,x
.61c3	ca		dex		        dex
.61c4	10 ed		bpl $61b3	        bpl drive_verb
.61c6	ad 52 66	lda $6652	        lda drive_id
.61c9	20 91 62	jsr $6291	        jsr drive_decimal
.61cc	8e 10 5e	stx $5e10	        stx status+6
.61cf	8d 11 5e	sta $5e11	        sta status+7
.61d2	60		rts		        rts
.61d3					drive_confirm:
.61d3	ad 53 66	lda $6653	        lda pending
.61d6	d0 01		bne $61d9	        bne drive_confirm_begin
.61d8	60		rts		        rts
.61d9					drive_confirm_begin:
.61d9	ad 4c 66	lda $664c	        lda drive_count
.61dc	8d 71 66	sta $6671	        sta saved_count
.61df	a2 0b		ldx #$0b	        ldx #11
.61e1					drive_snapshot:
.61e1	bd 59 66	lda $6659,x	        lda drive_records,x
.61e4	9d 65 66	sta $6665,x	        sta saved_records,x
.61e7	ca		dex		        dex
.61e8	10 f7		bpl $61e1	        bpl drive_snapshot
.61ea	20 34 5f	jsr $5f34	        jsr drive_probe
.61ed	ad 4e 66	lda $664e	        lda drive_valid
.61f0	d0 03		bne $61f5	        bne drive_compare_count
.61f2	4c 8b 62	jmp $628b	        jmp drive_confirm_end
.61f5					drive_compare_count:
.61f5	ad 4c 66	lda $664c	        lda drive_count
.61f8	cd 71 66	cmp $6671	        cmp saved_count
.61fb	f0 03		beq $6200	        beq drive_compare_begin
.61fd					drive_compare_changed:
.61fd	4c 84 62	jmp $6284	        jmp drive_changed
.6200					drive_compare_begin:
.6200	a2 0b		ldx #$0b	        ldx #11
.6202					drive_compare:
.6202	bd 59 66	lda $6659,x	        lda drive_records,x
.6205	dd 65 66	cmp $6665,x	        cmp saved_records,x
.6208	d0 f3		bne $61fd	        bne drive_compare_changed
.620a	ca		dex		        dex
.620b	10 f5		bpl $6202	        bpl drive_compare
.620d	20 ce 60	jsr $60ce	        jsr drive_guard
.6210	b0 79		bcs $628b	        bcs drive_confirm_end
.6212	ad 53 66	lda $6653	        lda pending
.6215	8d 01 7c	sta $7c01	        sta REQUEST+1
.6218	ad 52 66	lda $6652	        lda drive_id
.621b	8d 02 7c	sta $7c02	        sta REQUEST+2
.621e	a9 03		lda #$03	        lda #3
.6220	8d bb 5d	sta $5dbb	        sta commandlen
.6223	a9 00		lda #$00	        lda #0
.6225	8d bc 5d	sta $5dbc	        sta commandlen+1
.6228	ad 53 66	lda $6653	        lda pending
.622b	c9 24		cmp #$24	        cmp #$24
.622d	f0 1d		beq $624c	        beq drive_send
.622f	20 3a 55	jsr $553a	        jsr selected_source
.6232	18		clc		        clc
.6233	a5 64		lda $64		        lda remain
.6235	69 03		adc #$03	        adc #3
.6237	8d bb 5d	sta $5dbb	        sta commandlen
.623a	a5 65		lda $65		        lda remain+1
.623c	69 00		adc #$00	        adc #0
.623e	8d bc 5d	sta $5dbc	        sta commandlen+1
.6241	a9 03		lda #$03	        lda #<REQUEST+3
.6243	85 62		sta $62		        sta dptr
.6245	a9 7c		lda #$7c	        lda #>REQUEST+3
.6247	85 63		sta $63		        sta dptr+1
.6249	20 0f 55	jsr $550f	        jsr copy_bytes
.624c					drive_send:
.624c	ad bb 5d	lda $5dbb	        lda commandlen
.624f	85 04		sta $04		        sta r1L
.6251	ad bc 5d	lda $5dbc	        lda commandlen+1
.6254	85 05		sta $05		        sta r1H
.6256	20 60 52	jsr $5260	        jsr command_stream
.6259	b0 23		bcs $627e	        bcs drive_command_error
.625b	c9 00		cmp #$00	        cmp #0
.625d	f0 06		beq $6265	        beq drive_command_ok
.625f	20 7f 52	jsr $527f	        jsr firmware_error
.6262	4c 8b 62	jmp $628b	        jmp drive_confirm_end
.6265					drive_command_ok:
.6265	ad 67 91	lda $9167	        lda NET_TRUNC
.6268	d0 0a		bne $6274	        bne drive_unknown_result
.626a	a9 ae		lda #$ae	        lda #<drive_accepted
.626c	a2 65		ldx #$65	        ldx #>drive_accepted
.626e	20 e2 53	jsr $53e2	        jsr set_status
.6271	4c 8b 62	jmp $628b	        jmp drive_confirm_end
.6274					drive_unknown_result:
.6274	a9 c5		lda #$c5	        lda #<drive_unknown_text
.6276	a2 65		ldx #$65	        ldx #>drive_unknown_text
.6278	20 e2 53	jsr $53e2	        jsr set_status
.627b	4c 8b 62	jmp $628b	        jmp drive_confirm_end
.627e					drive_command_error:
.627e	20 76 52	jsr $5276	        jsr command_error
.6281	4c 8b 62	jmp $628b	        jmp drive_confirm_end
.6284					drive_changed:
.6284	a9 8d		lda #$8d	        lda #<drive_changed_text
.6286	a2 65		ldx #$65	        ldx #>drive_changed_text
.6288	20 e2 53	jsr $53e2	        jsr set_status
.628b					drive_confirm_end:
.628b	a9 00		lda #$00	        lda #0
.628d	8d 53 66	sta $6653	        sta pending
.6290					drive_confirm_return:
.6290	60		rts		        rts
.6291					drive_decimal:
.6291	a2 30		ldx #$30	        ldx #$30
.6293					drive_tens:
.6293	c9 0a		cmp #$0a	        cmp #10
.6295	90 06		bcc $629d	        bcc drive_units
.6297	38		sec		        sec
.6298	e9 0a		sbc #$0a	        sbc #10
.629a	e8		inx		        inx
.629b	d0 f6		bne $6293	        bne drive_tens
.629d					drive_units:
.629d	09 30		ora #$30	        ora #$30
.629f	60		rts		        rts
.62a0					drive_paint:
.62a0	a9 00		lda #$00	        lda #0
.62a2	8d c7 5d	sta $5dc7	        sta row
.62a5					drive_paint_row:
.62a5	ae c7 5d	ldx $5dc7	        ldx row
.62a8	bd de 59	lda $59de,x	        lda row_y,x
.62ab	8d c8 5d	sta $5dc8	        sta draw_y
.62ae	20 da 5a	jsr $5ada	        jsr clear_field
.62b1	a2 20		ldx #$20	        ldx #32
.62b3	a9 20		lda #$20	        lda #$20
.62b5					drive_line_clear:
.62b5	9d 2c 5e	sta $5e2c,x	        sta line,x
.62b8	ca		dex		        dex
.62b9	10 fa		bpl $62b5	        bpl drive_line_clear
.62bb	a9 00		lda #$00	        lda #0
.62bd	8d 4d 5e	sta $5e4d	        sta line+33
.62c0	ae c7 5d	ldx $5dc7	        ldx row
.62c3	ec 4c 66	cpx $664c	        cpx drive_count
.62c6	b0 78		bcs $6340	        bcs drive_line_ready
.62c8	ec 4f 66	cpx $664f	        cpx drive_selected
.62cb	d0 05		bne $62d2	        bne drive_line_id
.62cd	a9 3e		lda #$3e	        lda #$3e
.62cf	8d 2c 5e	sta $5e2c	        sta line
.62d2					drive_line_id:
.62d2	bc 47 66	ldy $6647,x	        ldy drive_offsets,x
.62d5	8c 51 66	sty $6651	        sty drive_record_index
.62d8	b9 5a 66	lda $665a,y	        lda drive_records+1,y
.62db	20 91 62	jsr $6291	        jsr drive_decimal
.62de	8e 2e 5e	stx $5e2e	        stx line+2
.62e1	8d 2f 5e	sta $5e2f	        sta line+3
.62e4	ac 51 66	ldy $6651	        ldy drive_record_index
.62e7	b9 59 66	lda $6659,y	        lda drive_records,y
.62ea	aa		tax		        tax
.62eb	c9 04		cmp #$04	        cmp #4
.62ed	90 0c		bcc $62fb	        bcc drive_type
.62ef	a2 04		ldx #$04	        ldx #4
.62f1	c9 0f		cmp #$0f	        cmp #$0f
.62f3	f0 06		beq $62fb	        beq drive_type
.62f5	e8		inx		        inx
.62f6	c9 50		cmp #$50	        cmp #$50
.62f8	f0 01		beq $62fb	        beq drive_type
.62fa	e8		inx		        inx
.62fb					drive_type:
.62fb	bd 1a 66	lda $661a,x	        lda typesL,x
.62fe	85 60		sta $60		        sta sptr
.6300	bd 21 66	lda $6621,x	        lda typesH,x
.6303	85 61		sta $61		        sta sptr+1
.6305	a0 00		ldy #$00	        ldy #0
.6307					drive_type_copy:
.6307	b1 60		lda ($60),y	        lda (sptr),y
.6309	f0 06		beq $6311	        beq drive_line_power
.630b	99 31 5e	sta $5e31,y	        sta line+5,y
.630e	c8		iny		        iny
.630f	d0 f6		bne $6307	        bne drive_type_copy
.6311					drive_line_power:
.6311	ac 51 66	ldy $6651	        ldy drive_record_index
.6314	a9 4f		lda #$4f	        lda #$4f
.6316	8d 3a 5e	sta $5e3a	        sta line+14
.6319	b9 5b 66	lda $665b,y	        lda drive_records+2,y
.631c	f0 07		beq $6325	        beq drive_line_off
.631e	a9 4e		lda #$4e	        lda #$4e
.6320	8d 3b 5e	sta $5e3b	        sta line+15
.6323	d0 08		bne $632d	        bne drive_line_lock
.6325					drive_line_off:
.6325	a9 46		lda #$46	        lda #$46
.6327	8d 3b 5e	sta $5e3b	        sta line+15
.632a	8d 3c 5e	sta $5e3c	        sta line+16
.632d					drive_line_lock:
.632d	ae c7 5d	ldx $5dc7	        ldx row
.6330	bd 55 66	lda $6655,x	        lda drive_locks,x
.6333	f0 0b		beq $6340	        beq drive_line_ready
.6335	a2 05		ldx #$05	        ldx #5
.6337					drive_lock_copy:
.6337	bd e7 65	lda $65e7,x	        lda system_text,x
.633a	9d 3f 5e	sta $5e3f,x	        sta line+19,x
.633d	ca		dex		        dex
.633e	10 f7		bpl $6337	        bpl drive_lock_copy
.6340					drive_line_ready:
.6340	ad c8 5d	lda $5dc8	        lda draw_y
.6343	20 6d 5a	jsr $5a6d	        jsr vic_line
.6346	ad c7 5d	lda $5dc7	        lda row
.6349	18		clc		        clc
.634a	69 04		adc #$04	        adc #4
.634c	a2 00		ldx #$00	        ldx #0
.634e	20 7f 5a	jsr $5a7f	        jsr vdc_line
.6351	ee c7 5d	inc $5dc7	        inc row
.6354	ad c7 5d	lda $5dc7	        lda row
.6357	c9 04		cmp #$04	        cmp #4
.6359	f0 03		beq $635e	        beq drive_paint_path
.635b	4c a5 62	jmp $62a5	        jmp drive_paint_row
.635e					drive_paint_path:
.635e	20 60 55	jsr $5560	        jsr path_source
.6361	a2 4c		ldx #$4c	        ldx #76
.6363	20 73 55	jsr $5573	        jsr text_chunk
.6366	a9 03		lda #$03	        lda #3
.6368	a2 00		ldx #$00	        ldx #0
.636a	20 7f 5a	jsr $5a7f	        jsr vdc_line
.636d	a9 00		lda #$00	        lda #0
.636f	8d 4e 5e	sta $5e4e	        sta line+34
.6372	a9 1a		lda #$1a	        lda #26
.6374	20 da 5a	jsr $5ada	        jsr clear_field
.6377	a9 1a		lda #$1a	        lda #26
.6379	20 6d 5a	jsr $5a6d	        jsr vic_line
.637c	a9 00		lda #$00	        lda #0
.637e	85 05		sta $05		        sta Y1+1
.6380	a9 18		lda #$18	    lda #24
.6382	85 02		sta $02		    sta X1
.6384	a9 00		lda #$00	    lda #$00
.6386	85 03		sta $03		    sta X1+1
.6388	c8		iny		    iny
.6389	a9 5e		lda #$5e	    lda #94
.638b	85 04		sta $04		    sta Y1
.638d	a9 51		lda #$51	    lda #<drive_usage
.638f	85 14		sta $14		    sta r9L
.6391	a9 64		lda #$64	    lda #>drive_usage
.6393	85 15		sta $15		    sta r9H
.6395	20 1e c0	jsr $c01e	    jsr GPUTS
.6398	a9 00		lda #$00	        lda #0
.639a	85 05		sta $05		        sta Y1+1
.639c	a9 18		lda #$18	    lda #24
.639e	85 02		sta $02		    sta X1
.63a0	a9 00		lda #$00	    lda #$00
.63a2	85 03		sta $03		    sta X1+1
.63a4	c8		iny		    iny
.63a5	a9 6a		lda #$6a	    lda #106
.63a7	85 04		sta $04		    sta Y1
.63a9	a9 71		lda #$71	    lda #<drive_safety
.63ab	85 14		sta $14		    sta r9L
.63ad	a9 64		lda #$64	    lda #>drive_safety
.63af	85 15		sta $15		    sta r9H
.63b1	20 1e c0	jsr $c01e	    jsr GPUTS
.63b4	a9 00		lda #$00	        lda #0
.63b6	85 05		sta $05		        sta Y1+1
.63b8	a9 18		lda #$18	    lda #24
.63ba	85 02		sta $02		    sta X1
.63bc	a9 00		lda #$00	    lda #$00
.63be	85 03		sta $03		    sta X1+1
.63c0	c8		iny		    iny
.63c1	a9 76		lda #$76	    lda #118
.63c3	85 04		sta $04		    sta Y1
.63c5	a9 8d		lda #$8d	    lda #<drive_confirm_help
.63c7	85 14		sta $14		    sta r9L
.63c9	a9 64		lda #$64	    lda #>drive_confirm_help
.63cb	85 15		sta $15		    sta r9H
.63cd	20 1e c0	jsr $c01e	    jsr GPUTS
.63d0	20 e6 59	jsr $59e6	        jsr paint_details
.63d3	a9 08		lda #$08	        lda #DIR_STATUS
.63d5	8d cc 5d	sta $5dcc	        sta dirty
.63d8	4c d8 58	jmp $58d8	        jmp paint_status_test
>63db	42 e7				titlesL: .byte <title,<drive_title
>63dd	5c 63				titlesH: .byte >title,>drive_title
>63df	51 04				helpsL: .byte <help,<drive_help
>63e1	5c 64				helpsH: .byte >help,>drive_help
>63e3	f7 fe				switchesL: .byte <drive_switch,<file_switch
>63e5	63 63				switchesH: .byte >drive_switch,>file_switch
>63e7	d5 4c 54 49 4d 41 54 45		drive_title: .text "Ultimate drives",0
>63ef	20 44 52 49 56 45 53 00
>63f7	44 52 49 56 45 53 00		drive_switch: .text "drives",0
>63fe	46 49 4c 45 53 00		file_switch: .text "files",0
>6404	55 50 2f 44 4e 20 53 45		drive_help: .text "up/dn select M mount E eject R refresh enter confirm ESC cancel/back D files",0
>640c	4c 45 43 54 20 cd 20 4d 4f 55 4e 54 20 c5 20 45
>641c	4a 45 43 54 20 d2 20 52 45 46 52 45 53 48 20 45
>642c	4e 54 45 52 20 43 4f 4e 46 49 52 4d 20 c5 d3 c3
>643c	20 43 41 4e 43 45 4c 2f 42 41 43 4b 20 c4 20 46
>644c	49 4c 45 53 00
>6451	d3 45 4c 45 43 54 20 41		drive_usage: .text "Select a drive. M=mount E=eject",0
>6459	20 44 52 49 56 45 2e 20 cd 3d 4d 4f 55 4e 54 20
>6469	c5 3d 45 4a 45 43 54 00
>6471	d3 59 53 54 45 4d 20 44		drive_safety: .text "System drive stays mounted.",0
>6479	52 49 56 45 20 53 54 41 59 53 20 4d 4f 55 4e 54
>6489	45 44 2e 00
>648d	c5 4e 54 45 52 20 43 4f		drive_confirm_help: .text "Enter confirms. Esc cancels.",0
>6495	4e 46 49 52 4d 53 2e 20 c5 53 43 20 43 41 4e 43
>64a5	45 4c 53 2e 00
>64aa	44 52 49 56 45 20 49 4e		drive_bad: .text "drive info unavailable; R=retry",0
>64b2	46 4f 20 55 4e 41 56 41 49 4c 41 42 4c 45 3b 20
>64c2	d2 3d 52 45 54 52 59 00
>64ca	44 52 49 56 45 20 49 4e		drive_full: .text "drive inventory complete",0
>64d2	56 45 4e 54 4f 52 59 20 43 4f 4d 50 4c 45 54 45
>64e2	00
>64e3	32 20 44 52 49 56 45 53		drive_partial: .text "2 drives; other devices unknown",0
>64eb	3b 20 4f 54 48 45 52 20 44 45 56 49 43 45 53 20
>64fb	55 4e 4b 4e 4f 57 4e 00
>6503	53 59 53 54 45 4d 20 44		drive_protected: .text "system drive protected",0
>650b	52 49 56 45 20 50 52 4f 54 45 43 54 45 44 00
>651a	44 52 49 56 45 20 55 4e		drive_unavailable: .text "drive unsupported or ambiguous",0
>6522	53 55 50 50 4f 52 54 45 44 20 4f 52 20 41 4d 42
>6532	49 47 55 4f 55 53 00
>6539	44 52 49 56 45 20 49 53		drive_off_text: .text "drive is off",0
>6541	20 4f 46 46 00
>6546	53 45 4c 45 43 54 20 41		image_required: .text "select a D64/G64/D71/G71/D81 file",0
>654e	20 c4 36 34 2f c7 36 34 2f c4 37 31 2f c7 37 31
>655e	2f c4 38 31 20 46 49 4c 45 00
>6568	4d 4f 55 4e 54 20 30 30		confirm_text: .text "mount 00? enter=yes esc=no",0
>6570	3f 20 45 4e 54 45 52 3d 59 45 53 20 45 53 43 3d
>6580	4e 4f 00
>6583	4d 4f 55 4e 54			mount_text: .text "mount"
>6588	45 4a 45 43 54			eject_text: .text "eject"
>658d	44 52 49 56 45 53 20 43		drive_changed_text: .text "drives changed; review and retry",0
>6595	48 41 4e 47 45 44 3b 20 52 45 56 49 45 57 20 41
>65a5	4e 44 20 52 45 54 52 59 00
>65ae	44 52 49 56 45 20 43 4f		drive_accepted: .text "drive command accepted",0
>65b6	4d 4d 41 4e 44 20 41 43 43 45 50 54 45 44 00
>65c5	52 45 53 55 4c 54 20 55		drive_unknown_text: .text "result unknown; check drive media",0
>65cd	4e 4b 4e 4f 57 4e 3b 20 43 48 45 43 4b 20 44 52
>65dd	49 56 45 20 4d 45 44 49 41 00
>65e7	53 59 53 54 45 4d		system_text: .text "system"
>65ed	31 35 34 31 00			type1541: .text "1541",0
>65f2	31 35 37 31 00			type1571: .text "1571",0
>65f7	31 35 38 31 00			type1581: .text "1581",0
>65fc	41 55 54 4f 00			typeauto: .text "auto",0
>6601	53 4f 46 54 20 c9 c5 c3		typesoft: .text "soft IEC",0
>6609	00
>660a	50 52 49 4e 54 45 52 00		typeprint: .text "printer",0
>6612	55 4e 4b 4e 4f 57 4e 00		typeunknown: .text "unknown",0
>661a	ed f2 f7 fc 01 0a 12		typesL: .byte <type1541,<type1571,<type1581,<typeauto,<typesoft,<typeprint,<typeunknown
>6621	65 65 65 65 66 66 66		typesH: .byte >type1541,>type1571,>type1581,>typeauto,>typesoft,>typeprint,>typeunknown
>6628	44 4f 57 4e 00			btn_down: .text "down",0
>662d	4d 4e 54 00			btn_mount: .text "mnt",0
>6631	45 4a 43 54 00			btn_eject: .text "ejct",0
>6636	52 54 52 59 00			btn_retry: .text "rtry",0
>663b	59 45 53 00			btn_yes: .text "yes",0
>663f	4e 4f 00			btn_no: .text "no",0
>6642	42 41 43 4b 00			btn_back: .text "back",0
>6647	00 03 06 09			drive_offsets: .byte 0,3,6,9
>664b	00				driveview: .byte 0
>664c	00				drive_count: .byte 0
>664d	00				drive_declared: .byte 0
>664e	00				drive_valid: .byte 0
>664f	00				drive_selected: .byte 0
>6650	00				drive_index: .byte 0
>6651	00				drive_record_index: .byte 0
>6652	00				drive_id: .byte 0
>6653	00				pending: .byte 0
>6654	00				image_kind: .byte 0
>6655	00 00 00 00			drive_locks: .fill 4,0
>6659	00 00 00 00 00 00 00 00		drive_records: .fill 12,0
>6661	00 00 00 00
>6665	00 00 00 00 00 00 00 00		saved_records: .fill 12,0
>666d	00 00 00 00
>6671	00				saved_count: .byte 0

;******  Return to file: src/uos-ultimate.asm

.6672					browser_end:

;******  End of listing
