
; 64tass Turbo Assembler Macro V1.60.3243 listing file
; 64tass -a -o target/uos-shell.prg -L target/uos-shell.lst src/uos-shell.asm
; Sun Sep  6 17:24:08 2026

;Offset	;Hex		;Monitor	;Source

;******  Processing input file: src/uos-shell.asm


;******  Processing file: src/equates.inc

=$02					r0              =       $02
=$02					r0L             =       $02
=$03					r0H             =       $03
=$04					r1              =       $04
=$04					r1L             =       $04
=$05					r1H             =       $05
=$06					r2              =       $06
=$06					r2L             =       $06
=$07					r2H             =       $07
=$08					r3              =       $08
=$08					r3L             =       $08
=$09					r3H             =       $09
=$0a					r4              =       $0a
=$0a					r4L             =       $0a
=$0b					r4H             =       $0b
=$0c					r5              =       $0c
=$0c					r5L             =       $0c
=$0d					r5H             =       $0d
=$0e					r6              =       $0e
=$0e					r6L             =       $0e
=$0f					r6H             =       $0f
=$10					r7              =       $10
=$10					r7L             =       $10
=$11					r7H             =       $11
=$12					r8              =       $12
=$12					r8L             =       $12
=$13					r8H             =       $13
=$14					r9              =       $14
=$14					r9L             =       $14
=$15					r9H             =       $15
=$16					r10             =       $16
=$16					r10L            =       $16
=$17					r10H            =       $17
=$18					r11             =       $18
=$18					r11L            =       $18
=$19					r11H            =       $19
=$1a					r12             =       $1a
=$1a					r12L            =       $1a
=$1b					r12H            =       $1b
=$1c					r13             =       $1c
=$1c					r13L            =       $1c
=$1d					r13H            =       $1d
=$1e					r14             =       $1e
=$1e					r14L            =       $1e
=$1f					r14H            =       $1f
=$20					r15             =       $20
=$20					r15L            =       $20
=$21					r15H            =       $21
=$22					r16             =       $22
=$02					X1              =       $02
=$04					Y1              =       $04
=$06					X2              =       $06
=$08					Y2              =       $08
=$fb					a0              =       $fb
=$fb					a0L             =       $fb
=$fc					a0H             =       $fc
=$fd					a1              =       $fd
=$fd					a1L             =       $fd
=$fe					a1H             =       $fe
=$70					a2              =       $70
=$70					a2L             =       $70
=$71					a2H             =       $71
=$72					a3              =       $72
=$72					a3L             =       $72
=$73					a3H             =       $73
=$74					a4              =       $74
=$74					a4L             =       $74
=$75					a4H             =       $75
=$76					a5              =       $76
=$76					a5L             =       $76
=$77					a5H             =       $77
=$78					a6              =       $78
=$78					a6L             =       $78
=$79					a6H             =       $79
=$7a					a7              =       $7a
=$7a					a7L             =       $7a
=$7b					a7H             =       $7b
=$7c					a8              =       $7c
=$7c					a8L             =       $7c
=$7d					a8H             =       $7d
=$7e					a9              =       $7e
=$7e					a9L             =       $7e
=$7f					a9H             =       $7f

;******  Return to file: src/uos-shell.asm


;******  Processing file: src/routines.inc

=$0316					brkVectorlo     = $0316
=$0317					brkVectorhi     = $0317
=$0811					MAINLOOP        = $0811
=$0814					FIND_CTL        = $0814
=$0817					FS_APP          = $0817
=$081a					FS_SCREEN       = $081a
=$081d					FS_RECT         = $081d
=$0820					CLR_RECT        = $0820
=$0823					LOAD_IMM        = $0823
=$0826					APP_LOADER      = $0826
=$0829					FILLFILE        = $0829
=$082c					KEYIN           = $082c
=$082f					GETCAP          = $082f
=$0832					LAUNCH_APP      = $0832  ; file buffer -> LOADER + jmp APP_START, core-resident
=$0835					VDTEXT          = $0835  ; 80-col companion: A=row X=col r9->PETSCII (no-op if no VDC)
=$0838					VDCLR           = $0838  ; 80-col companion: A=row -> blank the row (no-op if no VDC)
=$7350					SETREC          = $7350
=$7355					SETREC_DISP     = $7355  ; display mode  (0=40 1=80 2=both)
=$7356					SETREC_BG       = $7356  ; desktop background colour (0-15 VIC colour)
=$7352					SETREC_VER      = $7352  ; 2 = the zone bytes below are valid
=$7353					SETREC_TZ       = $7353  ; time zone, signed quarter-hours from UTC (-48..+56)
=$7354					SETREC_TZMAG    = $7354  ; $a5 when SETREC_TZ was written by the OS
=$cc00					VDC_GETREG      = $cc00
=$cc03					VDC_SETREG      = $cc03
=$cc06					VDC_SEEK        = $cc06
=$cc09					VDC_PUTS        = $cc09
=$cc0c					VDC_PUTCHR      = $cc0c
=$cc0f					VDC_CLS         = $cc0f
=$cc12					VDC_FONTUP      = $cc12
=$cc15					VDC_INIT        = $cc15
=$cc18					VDC_PRESENT     = $cc18
=$cc1b					VDC_TEXT        = $cc1b  ; A=row X=col r9->PETSCII text on the 80-col display
=$cc1e					VDC_CLR         = $cc1e  ; A=row -> blank the row
=$cc21					VDC_BANNER      = $cc21  ; header rows 0-1
=$cc24					VDC_LIVE        = $cc24  ; byte: 1 once VDSETUP brought the 8563 up
=$23					vdcbpL          = $23
=$24					vdcbpH          = $24
=$25					vdcdpL          = $25
=$26					vdcdpH          = $26
=$1000					DESK_START      = $1000
=$2fff					DESK_END        = $2fff
=$5000					APP_START       = $5000
=$8fff					APP_END         = $8fff
=$9000					APP_CTL_TBL     = $9000
=$9000					APP_CTL_CTR     = $9000
=$9001					APP_CTL_BUF     = $9001
=$9100					APP_CTL_END     = $9100  ; 25 ten-byte control slots; TESTCLICK indexes them
=$9b00					APP_ID_TBL      = $9b00
=$9c00					REU_SIZE        = $9c00
=$9c03					REU_STASH       = $9c03
=$9c06					REU_FETCH       = $9c06
=$9c09					REU_PARAMS      = $9c09
=$9100					NET_BASE        = $9100
=37120					NET_PRESENT     = NET_BASE+$00  ; A=1 when the command interface answers
=37123					NET_CMD         = NET_BASE+$03  ; r0->bytes (target first), A=len -> A=status code, C=1 absent/timeout
=37126					NET_GETIP       = NET_BASE+$06  ; A=1 when an interface has an address (NET_IP/NET_IPSTR)
=37129					NET_OPEN        = NET_BASE+$09  ; A=7 tcp / 8 udp, r0->host, r1=port -> A=socket, C=1 failed
=37132					NET_CLOSE       = NET_BASE+$0c  ; A=socket
=37135					NET_READ        = NET_BASE+$0f  ; A=socket, r1=max -> NET_DATA+2.., NET_LEN; A: 0 ok 1 none 2 closed 3 error
=37138					NET_WRITE       = NET_BASE+$12  ; A=socket, r0->data, X=len (1..200) -> A=status code
=37141					NET_SYNC        = NET_BASE+$15  ; network check + SNTP -> CIA TOD + Ultimate RTC; A=NET_STATE
=37144					NET_APPLYNTP    = NET_BASE+$18  ; NET_DATA+2.. = 48-byte NTP reply -> time/date/TOD; A=0 ok
=37147					NET_RTCTIME     = NET_BASE+$1b  ; Ultimate RTC "YYYY/MM/DD HH:MM:SS" -> NET_DATA; A=status code
=37150					NET_TZSHIFT     = NET_BASE+$1e  ; A=signed quarter-hours -> shift the running TOD
=37153					NET_STATE       = NET_BASE+$21  ; $ff not tried, 0 ntp synced, 1 no reply, 2 no network, 3 no ultimate, 4 open failed
=37154					NET_HOUR        = NET_BASE+$22  ; local time 24 h binary
=37155					NET_MIN         = NET_BASE+$23
=37156					NET_SEC         = NET_BASE+$24
=37157					NET_YEAR        = NET_BASE+$25  ; word
=37159					NET_MON         = NET_BASE+$27
=37160					NET_DAY         = NET_BASE+$28
=37161					NET_WDAY        = NET_BASE+$29  ; 0 = sunday
=37162					NET_TZ          = NET_BASE+$2a  ; quarter-hours applied
=37163					NET_IP          = NET_BASE+$2b  ; 4 bytes
=37167					NET_IPSTR       = NET_BASE+$2f  ; dotted decimal, 0-terminated ("" = none)
=37183					NET_LEN         = NET_BASE+$3f  ; word: payload length of the last reply / read
=37185					NET_SOCK        = NET_BASE+$41
=37186					NET_STAT        = NET_BASE+$42  ; 32 bytes: last status line "NN,TEXT"
=$8800					NET_DATA        = $8800  ; 512-byte reply buffer (socket payload at +2)
=$9e03					INIT_MOUSE      = $9e03
=$9e09					KEYIN_EXT       = $9e09
=$9e0c					KEY_EXTSEEN     = $9e0c  ; byte: sticky 1 once the C128 ESC line was seen low (tests)
=$a000					BITMAP_START    = $a000
=$c000					GFX_INIT        = $c000
=$c00f					GFX_SETPIXEL    = $c00f
=$c021					GFX_DRAWBYTEPATTERN = $c021
=$c006					GFX_ON          = $c006
=$c009					GFX_OFF         = $c009
=$c00c					GFX_SETCOLOR    = $c00c
=$c015					GFX_LINE        = $c015
=$c018					GFX_CIRCLE      = $c018
=$c01b					GPUTC           = $c01b
=$c01e					GPUTS           = $c01e

;******  Return to file: src/uos-shell.asm


;******  Processing file: src/macros.inc


;******  Return to file: src/uos-shell.asm


;******  Processing file: src/kernal.inc

=$ff81					CINT   = $FF81;  ----  FF5B  init VIC & screen editor                                                  - - -  - - -  A X Y
=$ff84					IOINIT = $FF84;  ----  FDA3  initialize CIA & IRQ                                                      - - -  - - -  A X Y
=$ff87					RAMTAS = $FF87;  ----  FD50  RAM test & search RAM end                                                 - - -  - - -  A X Y
=$ff8a					RESTOR = $FF8A;  ----  FD15  restore default I/O vectors                                               - - -  - - -  A - Y
=$ff8d					VECTOR = $FF8D;  ----  FD1A  read/set I/O vectors               in: C=0 moves from Y/X to vectors      - X Y  - X -  A - Y
=$ff90					SETMSG = $FF90;  ----  FE18  enable/disable KERNAL messages     in: A bit7=1 error msgs on             A - -  - - -  A - -
=$ff93					SECOND = $FF93;  ----  EDB9  send secondary addr after listen   in: A=secondary address                A - -  - - -  A - -
=$ff96					TKSA   = $FF96;  ----  EDC7  send secondary addr after talk     in: A=secondary address                A - -  - - -  A - -
=$ff99					MEMTOP = $FF99;  ----  FE25  read/set top of memory             in: C=0; Y/X address                   - X Y  - X Y  - - -
=$ff9c					MEMBOT = $FF9C;  ----  FE34  read/set bottom of memory          in: C=0; Y/X address                   - X Y  - X Y  - - -
=$ff9f					SCNKEY = $FF9F;  ----  EA87  scan keyboard                                                             - - -  - - -  A X Y
=$ffa2					SETTMO = $FFA2;  ----  FE21  set IEEE timeout                   in: A bit7=1 disable, bit7=0 enable    A - -  A - -  - - -
=$ffa5					ACPTR  = $FFA5;  ----  EE13  input byte from SERIAL             out:A=byte, C=1 and ST=2 if timeout    - - -  A - -  A - -
=$ffa8					CIOUT  = $FFA8;  ----  EDDD  output byte to SERIAL              in: A=byte, C=1 and ST=3 if timeout    A - -  A - -  - - -
=$ffab					UNTLK  = $FFAB;  ----  EDEF  untalk all SERIAL devices                                                 - - -  - - -  A - -
=$ffae					UNLSN  = $FFAE;  ----  EDFE  unlisten all SERIAL devices                                               - - -  - - -  A - -
=$ffb1					LISTEN = $FFB1;  ----  ED0C  make SERIAL device listen          in: A=device number                    A - -  - - -  A - -
=$ffb4					TALK   = $FFB4;  ----  ED09  make SERIAL device talk            in: A=device number                    A - -  - - -  A - -
=$ffb7					READST = $FFB7;  ----  FE07  read I/O status byte               out:A=status byte                      - - -  A - -  A - -
=$ffba					SETLFS = $FFBA;  ----  FE00  set file parameters                in: A=logical file number              A X Y  A X Y  - - -
=$ffbd					SETNAM = $FFBD;  ----  FDF9  set file name                      in: A=length of filename               A X Y  A X Y  - - -
=$ffc0					OPEN   = $FFC0;  031A  F34A  open log.file after SETLFS,SETNAM  out:A=error# if C=1                    - - -  - - -  A X Y
=$ffc3					CLOSE  = $FFC3;  031C  F291  close a logical file               in: A=logical file number              A - -  - - -  A X Y
=$ffc6					CHKIN  = $FFC6;  031E  F20E  open channel for input             in: X=logical file number              - X -  - - -  A X -
=$ffc9					CHKOUT = $FFC9;  0320  F250  open channel for output            in: X=logical file number              - X -  - - -  A X -
=$ffcc					CLRCHN = $FFCC;  0322  F333  restore default devices                                                   - - -  - - -  A X -
=$ffcf					CHRIN  = $FFCF;  0324  F157  input character                    out:A=character, C=1 and ST=error      - - -  A - -  A - -
=$ffd2					CHROUT = $FFD2;  0326  F1CA  output character                   in: A=character, C=1 and ST=error      A - -  A - -  - - -
=$ffd5					LOAD   = $FFD5;  0330  F49E  load after call SETLFS,SETNAM      in: A=0 load, a=1 verify               A X Y  A X Y  A X Y
=$ffd8					SAVE   = $FFD8;  0332  F5DD  save after call SETLFS,SETNAM      in: A=zero page pointer to start.addr  A X Y  - - -  A X Y
=$ffdb					SETTIM = $FFDB;  ----  F6E4  set jiffy clock                    in: A=MSB, X=middle, Y=LSB             A X Y  - - -  - - -
=$ffde					RDTIM  = $FFDE;  ----  F6DD  read jiffy clock                   out:A=MSB, X=middle, Y=LSB             - - -  A X Y  A X Y
=$ffe1					STOP   = $FFE1;  0328  F6ED  check stop key                     out:Z=0 if STOP not used; X unchanged  - - -  A - -  A - -
=$ffe4					GETIN  = $FFE4;  032A  F13E  get a byte from channel            out:keyboard:A=0 if puffer empty       - - -  A - -  A X Y
=$ffe7					CLALL  = $FFE7;  032C  F32F  close or abort all files                                                  - - -  - - -  A X -
=$ffea					UDTIM  = $FFEA;  ----  F69B  update jiffy clock                                                        - - -  - - -  A X -
=$ffed					SCREEN = $FFED;  ----  E505  return screen size                 out:X=columns, Y=rows                  - - -  - X Y  - X Y
=$fff0					PLOT   = $FFF0;  ----  E50A  read/set cursor position           in: C=0, X=row, Y=column               - X Y  - X Y  - - -
=$fff3					IOBASE = $FFF3;  ----  E500  returns the addr of I/O devices    out:Y/X=addr($DC00)                    - - -  - X Y  - X Y

;******  Return to file: src/uos-shell.asm


;******  Processing file: src/vic-ii.inc

=$d000					VIC_BASE        = $d000
=$d800					VIC_COLOR_RAM   = $d800
=$0400					VIC_HIRES_COLOR = $0400
=$00					VIC_SPR0_X      = $00     ; Sprite x / y screen position registers
=$01					VIC_SPR0_Y      = $01
=$02					VIC_SPR1_X      = $02
=$03					VIC_SPR1_Y      = $03
=$04					VIC_SPR2_X      = $04
=$05					VIC_SPR2_Y      = $05
=$06					VIC_SPR3_X      = $06
=$07					VIC_SPR3_Y      = $07
=$08					VIC_SPR4_X      = $08
=$09					VIC_SPR4_Y      = $09
=$0a					VIC_SPR5_X      = $0A
=$0b					VIC_SPR5_Y      = $0B
=$0c					VIC_SPR6_X      = $0C
=$0d					VIC_SPR6_Y      = $0D
=$0e					VIC_SPR7_X      = $0E
=$0f					VIC_SPR7_Y      = $0F
=$10					VIC_SPR_XMSb    = $10     ; MSB of the X coordinate (since 320 > 255). Bit 7 = sprite 7, 6 = sprite 6, etc
=$11					VIC_CTRL_1      = $11
=$11					SCROLY			= $11     ; Control register 1
=$12					VIC_RASTER      = $12     ; Number of raster GFX_LINE at which a raster IRQ should be generated.
=$13					VIC_LTPEN_X     = $13     ; X-portion of the screen position at which the beam was found when a strobe was generated (light pen)
=$14					VIC_LTPEN_Y     = $14     ; Y-portion of the screen position at which the beam was found when a strobe was generated (light pen)
=$15					VIC_SPR_ENBL    = $15     ; Sprite enable (bit 7= sprite 7, bit 6 = sprite 6 etc)
=$16					VIC_CTRL_2      = $16     ; Control register 2
=$17					VIC_SPR_XPND_X  = $17     ; Sprite expand (bit 7= sprite 7, bit 6 = sprite 6 etc)
=$18					VIC_RAM_BASE    = $18     ; Base address of the character generator and video RAM
=$19					VIC_IRR         = $19     ; IRR:Interrupt Request Register
=$1a					VIC_IMR         = $1a     ; IMR:Interrupt Mask Register
=$1b					VIC_SPR_PRI     = $1b     ; Priority register(sprites)
=$1c					VIC_SPR_MULTI   = $1c     ; Multi-color register (sprites)
=$1d					VIC_SPR_XPND_Y  = $1d     ; Sprite expand Y The sprites can be doubled in the Y-direction by setting
=$1e					VIC_SPSP_COL    = $1e     ; Sprite/sprite collision
=$1f					VIC_SPBK_COL    = $1f     ; Sprite/background collision
=$20					VIC_BORDER_COL  = $20     ; Exterior color(border color) The border color is set in this register (0-15).
=$21					VIC_BG_COL0     = $21     ; Background color registers 0-3
=$22					VIC_BG_COL1     = $22     ; Background color register 0 determines the background color in
=$23					VIC_BG_COL2     = $23     ; the "normal" text mode. If the multi-color mode is enabled, it
=$24					VIC_BG_COL3     = $24     ; accesses registers 1-3
=$25					VIC_SPR_MCOL0   = $25     ; Spritemulti-colorcolor0/1
=$26					VIC_SPR_MCOL1   = $26     ; Sprites which are represented in multi-color can assume the back
=$27					VIC_SPR_COL0    = $27     ; Color sprite 0-8
=$28					VIC_SPR_COL1    = $28     ; The colors for the individual sprites are placed in these registers.
=$29					VIC_SPR_COL2    = $29
=$2a					VIC_SPR_COL3    = $2a
=$2b					VIC_SPR_COL4    = $2b
=$2c					VIC_SPR_COL5    = $2c
=$2d					VIC_SPR_COL6    = $2d
=$2e					VIC_SPR_COL7    = $2e
=$2f					VIC_KYBRD_CTRL  = $2f     ; Keyboard control register
=$30					VIC_CLOCK       = $30     ; 2MHz bit
=$00					VIC_COLOR_BLACK   = $00
=$01					VIC_COLOR_WHITE   = $01
=$02					VIC_COLOR_RED     = $02
=$03					VIC_COLOR_CYAN    = $03
=$04					VIC_COLOR_PURPLE  = $04
=$05					VIC_COLOR_GREEN   = $05
=$06					VIC_COLOR_BLUE    = $06
=$07					VIC_COLOR_YELLOW  = $07
=$08					VIC_COLOR_ORANGE  = $08
=$09					VIC_COLOR_BROWN   = $09
=$0a					VIC_COLOR_LRED    = $0A
=$0b					VIC_COLOR_DGREY   = $0B
=$0c					VIC_COLOR_MGREY   = $0C
=$0d					VIC_COLOR_LGREEN  = $0D
=$0e					VIC_COLOR_LBLUE   = $0E
=$0f					VIC_COLOR_LGREY   = $0F

;******  Return to file: src/uos-shell.asm


;******  Processing file: src/io.inc

=$dc08					TODTEN      = $DC08
=$dc09					TODSEC      = $DC09
=$dc0a					TODMIN      = $DC0A
=$dc0b					TODHRS      = $DC0B

;******  Return to file: src/uos-shell.asm

=$0826					DLOADAPP        = $0826
=10					LIST_MAX        := 10
=24					COL_X           := 24
=40					TOP_Y           := 40    ; directory rows
=12					ROW_PX          := 12
=160					CMD_Y           := 160   ; the command line
=172					STAT_Y          := 172   ; the response line
=$41					shcnt           = $41
=$42					rowi            = $42
=$4b					tmpb            = $4b
=$46					cmdlen          = $46
=$48					tmpa            = $48
.5000	ee 00 9b	inc $9b00	    inc APP_ID_TBL
.5003	ad 00 9b	lda $9b00	    lda APP_ID_TBL
.5006	a9 00		lda #$00	        lda #$00
.5008	85 03		sta $03		        sta X1+1
.500a	a9 10		lda #$10	        lda #16
.500c	85 02		sta $02		        sta X1
.500e	a9 01		lda #$01	        lda #$01
.5010	85 07		sta $07		        sta X2+1
.5012	a9 40		lda #$40	        lda #16 + 304-256
.5014	85 06		sta $06		        sta X2
.5016	a9 08		lda #$08	        lda #8
.5018	85 04		sta $04		        sta Y1
.501a	a9 08		lda #$08	        lda #8
.501c	85 08		sta $08		        sta Y2
.501e	a9 00		lda #$00	        lda #$00
.5020	85 05		sta $05		        sta Y1+1
.5022	85 09		sta $09		        sta Y2+1
.5024	20 15 c0	jsr $c015	        jsr GFX_LINE
.5027	a9 00		lda #$00	        lda #$00
.5029	85 03		sta $03		        sta X1+1
.502b	a9 10		lda #$10	        lda #16
.502d	85 02		sta $02		        sta X1
.502f	a9 01		lda #$01	        lda #$01
.5031	85 07		sta $07		        sta X2+1
.5033	a9 40		lda #$40	        lda #16 + 304-256
.5035	85 06		sta $06		        sta X2
.5037	a9 bc		lda #$bc	        lda #8 + 180
.5039	85 04		sta $04		        sta Y1
.503b	a9 bc		lda #$bc	        lda #8 + 180
.503d	85 08		sta $08		        sta Y2
.503f	a9 00		lda #$00	        lda #$00
.5041	85 05		sta $05		        sta Y1+1
.5043	85 09		sta $09		        sta Y2+1
.5045	20 15 c0	jsr $c015	        jsr GFX_LINE
.5048	a9 00		lda #$00	        lda #$00
.504a	85 03		sta $03		        sta X1+1
.504c	a9 10		lda #$10	        lda #16
.504e	85 02		sta $02		        sta X1
.5050	a9 00		lda #$00	        lda #$00
.5052	85 07		sta $07		        sta X2+1
.5054	a9 10		lda #$10	        lda #16
.5056	85 06		sta $06		        sta X2
.5058	a9 08		lda #$08	        lda #8
.505a	85 04		sta $04		        sta Y1
.505c	a9 bc		lda #$bc	        lda #8 + 180
.505e	85 08		sta $08		        sta Y2
.5060	a9 00		lda #$00	        lda #$00
.5062	85 05		sta $05		        sta Y1+1
.5064	85 09		sta $09		        sta Y2+1
.5066	20 15 c0	jsr $c015	        jsr GFX_LINE
.5069	a9 01		lda #$01	        lda #$01
.506b	85 03		sta $03		        sta X1+1
.506d	a9 40		lda #$40	        lda #16 + 304-256
.506f	85 02		sta $02		        sta X1
.5071	a9 01		lda #$01	        lda #$01
.5073	85 07		sta $07		        sta X2+1
.5075	a9 40		lda #$40	        lda #16 + 304-256
.5077	85 06		sta $06		        sta X2
.5079	a9 08		lda #$08	        lda #8
.507b	85 04		sta $04		        sta Y1
.507d	a9 bc		lda #$bc	        lda #8 + 180
.507f	85 08		sta $08		        sta Y2
.5081	a9 00		lda #$00	        lda #$00
.5083	85 05		sta $05		        sta Y1+1
.5085	85 09		sta $09		        sta Y2+1
.5087	20 15 c0	jsr $c015	        jsr GFX_LINE
.508a	a9 00		lda #$00	        lda #$00
.508c	85 03		sta $03		        sta X1+1
.508e	a9 15		lda #$15	        lda #16+5
.5090	85 02		sta $02		        sta X1
.5092	a9 01		lda #$01	        lda #$01
.5094	85 07		sta $07		        sta X2+1
.5096	a9 45		lda #$45	        lda #16+304+5-256
.5098	85 06		sta $06		        sta X2
.509a	a9 bd		lda #$bd	        lda #8+180+1
.509c	85 04		sta $04		        sta Y1
.509e	a9 bd		lda #$bd	        lda #8+180+1
.50a0	85 08		sta $08		        sta Y2
.50a2	a9 00		lda #$00	        lda #$00
.50a4	85 05		sta $05		        sta Y1+1
.50a6	85 09		sta $09		        sta Y2+1
.50a8	20 15 c0	jsr $c015	        jsr GFX_LINE
.50ab	a9 00		lda #$00	        lda #$00
.50ad	85 03		sta $03		        sta X1+1
.50af	a9 15		lda #$15	        lda #16+5
.50b1	85 02		sta $02		        sta X1
.50b3	a9 01		lda #$01	        lda #$01
.50b5	85 07		sta $07		        sta X2+1
.50b7	a9 45		lda #$45	        lda #16+304+5-256
.50b9	85 06		sta $06		        sta X2
.50bb	a9 be		lda #$be	        lda #8+180+2
.50bd	85 04		sta $04		        sta Y1
.50bf	a9 be		lda #$be	        lda #8+180+2
.50c1	85 08		sta $08		        sta Y2
.50c3	a9 00		lda #$00	        lda #$00
.50c5	85 05		sta $05		        sta Y1+1
.50c7	85 09		sta $09		        sta Y2+1
.50c9	20 15 c0	jsr $c015	        jsr GFX_LINE
.50cc	a9 00		lda #$00	        lda #$00
.50ce	85 03		sta $03		        sta X1+1
.50d0	a9 15		lda #$15	        lda #16+5
.50d2	85 02		sta $02		        sta X1
.50d4	a9 01		lda #$01	        lda #$01
.50d6	85 07		sta $07		        sta X2+1
.50d8	a9 45		lda #$45	        lda #16+304+5-256
.50da	85 06		sta $06		        sta X2
.50dc	a9 bf		lda #$bf	        lda #8+180+3
.50de	85 04		sta $04		        sta Y1
.50e0	a9 bf		lda #$bf	        lda #8+180+3
.50e2	85 08		sta $08		        sta Y2
.50e4	a9 00		lda #$00	        lda #$00
.50e6	85 05		sta $05		        sta Y1+1
.50e8	85 09		sta $09		        sta Y2+1
.50ea	20 15 c0	jsr $c015	        jsr GFX_LINE
.50ed	a9 00		lda #$00	        lda #$00
.50ef	85 03		sta $03		        sta X1+1
.50f1	a9 15		lda #$15	        lda #16+5
.50f3	85 02		sta $02		        sta X1
.50f5	a9 01		lda #$01	        lda #$01
.50f7	85 07		sta $07		        sta X2+1
.50f9	a9 45		lda #$45	        lda #16+304+5-256
.50fb	85 06		sta $06		        sta X2
.50fd	a9 c0		lda #$c0	        lda #8+180+4
.50ff	85 04		sta $04		        sta Y1
.5101	a9 c0		lda #$c0	        lda #8+180+4
.5103	85 08		sta $08		        sta Y2
.5105	a9 00		lda #$00	        lda #$00
.5107	85 05		sta $05		        sta Y1+1
.5109	85 09		sta $09		        sta Y2+1
.510b	20 15 c0	jsr $c015	        jsr GFX_LINE
.510e	a9 00		lda #$00	        lda #$00
.5110	85 03		sta $03		        sta X1+1
.5112	a9 15		lda #$15	        lda #16+5
.5114	85 02		sta $02		        sta X1
.5116	a9 01		lda #$01	        lda #$01
.5118	85 07		sta $07		        sta X2+1
.511a	a9 45		lda #$45	        lda #16+304+5-256
.511c	85 06		sta $06		        sta X2
.511e	a9 c1		lda #$c1	        lda #8+180+5
.5120	85 04		sta $04		        sta Y1
.5122	a9 c1		lda #$c1	        lda #8+180+5
.5124	85 08		sta $08		        sta Y2
.5126	a9 00		lda #$00	        lda #$00
.5128	85 05		sta $05		        sta Y1+1
.512a	85 09		sta $09		        sta Y2+1
.512c	20 15 c0	jsr $c015	        jsr GFX_LINE
.512f	a9 01		lda #$01	        lda #$01
.5131	85 03		sta $03		        sta X1+1
.5133	a9 41		lda #$41	        lda #16+304+1-256
.5135	85 02		sta $02		        sta X1
.5137	a9 01		lda #$01	        lda #$01
.5139	85 07		sta $07		        sta X2+1
.513b	a9 41		lda #$41	        lda #16+304+1-256
.513d	85 06		sta $06		        sta X2
.513f	a9 0d		lda #$0d	        lda #8+5
.5141	85 04		sta $04		        sta Y1
.5143	a9 c1		lda #$c1	        lda #8+180+5
.5145	85 08		sta $08		        sta Y2
.5147	a9 00		lda #$00	        lda #$00
.5149	85 05		sta $05		        sta Y1+1
.514b	85 09		sta $09		        sta Y2+1
.514d	20 15 c0	jsr $c015	        jsr GFX_LINE
.5150	a9 01		lda #$01	        lda #$01
.5152	85 03		sta $03		        sta X1+1
.5154	a9 42		lda #$42	        lda #16+304+2-256
.5156	85 02		sta $02		        sta X1
.5158	a9 01		lda #$01	        lda #$01
.515a	85 07		sta $07		        sta X2+1
.515c	a9 42		lda #$42	        lda #16+304+2-256
.515e	85 06		sta $06		        sta X2
.5160	a9 0d		lda #$0d	        lda #8+5
.5162	85 04		sta $04		        sta Y1
.5164	a9 c1		lda #$c1	        lda #8+180+5
.5166	85 08		sta $08		        sta Y2
.5168	a9 00		lda #$00	        lda #$00
.516a	85 05		sta $05		        sta Y1+1
.516c	85 09		sta $09		        sta Y2+1
.516e	20 15 c0	jsr $c015	        jsr GFX_LINE
.5171	a9 01		lda #$01	        lda #$01
.5173	85 03		sta $03		        sta X1+1
.5175	a9 43		lda #$43	        lda #16+304+3-256
.5177	85 02		sta $02		        sta X1
.5179	a9 01		lda #$01	        lda #$01
.517b	85 07		sta $07		        sta X2+1
.517d	a9 43		lda #$43	        lda #16+304+3-256
.517f	85 06		sta $06		        sta X2
.5181	a9 0d		lda #$0d	        lda #8+5
.5183	85 04		sta $04		        sta Y1
.5185	a9 c1		lda #$c1	        lda #8+180+5
.5187	85 08		sta $08		        sta Y2
.5189	a9 00		lda #$00	        lda #$00
.518b	85 05		sta $05		        sta Y1+1
.518d	85 09		sta $09		        sta Y2+1
.518f	20 15 c0	jsr $c015	        jsr GFX_LINE
.5192	a9 01		lda #$01	        lda #$01
.5194	85 03		sta $03		        sta X1+1
.5196	a9 44		lda #$44	        lda #16+304+4-256
.5198	85 02		sta $02		        sta X1
.519a	a9 01		lda #$01	        lda #$01
.519c	85 07		sta $07		        sta X2+1
.519e	a9 44		lda #$44	        lda #16+304+4-256
.51a0	85 06		sta $06		        sta X2
.51a2	a9 0d		lda #$0d	        lda #8+5
.51a4	85 04		sta $04		        sta Y1
.51a6	a9 c1		lda #$c1	        lda #8+180+5
.51a8	85 08		sta $08		        sta Y2
.51aa	a9 00		lda #$00	        lda #$00
.51ac	85 05		sta $05		        sta Y1+1
.51ae	85 09		sta $09		        sta Y2+1
.51b0	20 15 c0	jsr $c015	        jsr GFX_LINE
.51b3	a9 01		lda #$01	        lda #$01
.51b5	85 03		sta $03		        sta X1+1
.51b7	a9 45		lda #$45	        lda #16+304+5-256
.51b9	85 02		sta $02		        sta X1
.51bb	a9 01		lda #$01	        lda #$01
.51bd	85 07		sta $07		        sta X2+1
.51bf	a9 45		lda #$45	        lda #16+304+5-256
.51c1	85 06		sta $06		        sta X2
.51c3	a9 0d		lda #$0d	        lda #8+5
.51c5	85 04		sta $04		        sta Y1
.51c7	a9 c1		lda #$c1	        lda #8+180+5
.51c9	85 08		sta $08		        sta Y2
.51cb	a9 00		lda #$00	        lda #$00
.51cd	85 05		sta $05		        sta Y1+1
.51cf	85 09		sta $09		        sta Y2+1
.51d1	20 15 c0	jsr $c015	        jsr GFX_LINE
.51d4	a9 18		lda #$18	    lda #24
.51d6	85 02		sta $02		    sta X1
.51d8	a9 00		lda #$00	    lda #$00
.51da	85 03		sta $03		    sta X1+1
.51dc	c8		iny		    iny
.51dd	a9 0e		lda #$0e	    lda #14
.51df	85 04		sta $04		    sta Y1
.51e1	a9 c4		lda #$c4	    lda #<sh_title
.51e3	85 14		sta $14		    sta r9L
.51e5	a9 62		lda #$62	    lda #>sh_title
.51e7	85 15		sta $15		    sta r9H
.51e9	20 1e c0	jsr $c01e	    jsr GPUTS
.51ec	a9 c8		lda #$c8	    lda #200
.51ee	85 02		sta $02		    sta X1
.51f0	a9 00		lda #$00	    lda #$00
.51f2	85 03		sta $03		    sta X1+1
.51f4	c8		iny		    iny
.51f5	a9 0e		lda #$0e	    lda #14
.51f7	85 04		sta $04		    sta Y1
.51f9	a9 d2		lda #$d2	    lda #<shver
.51fb	85 14		sta $14		    sta r9L
.51fd	a9 62		lda #$62	    lda #>shver
.51ff	85 15		sta $15		    sta r9H
.5201	20 1e c0	jsr $c01e	    jsr GPUTS
.5204	a9 18		lda #$18	    lda #24
.5206	85 02		sta $02		    sta X1
.5208	a9 00		lda #$00	    lda #$00
.520a	85 03		sta $03		    sta X1+1
.520c	c8		iny		    iny
.520d	a9 1a		lda #$1a	    lda #26
.520f	85 04		sta $04		    sta Y1
.5211	a9 dc		lda #$dc	    lda #<sh_hint
.5213	85 14		sta $14		    sta r9L
.5215	a9 62		lda #$62	    lda #>sh_hint
.5217	85 15		sta $15		    sta r9H
.5219	20 1e c0	jsr $c01e	    jsr GPUTS
.521c	20 25 56	jsr $5625	        jsr vd_clear_area
.521f	a9 c4		lda #$c4	        lda #<sh_title
.5221	85 14		sta $14		        sta r9L
.5223	a9 62		lda #$62	        lda #>sh_title
.5225	85 15		sta $15		        sta r9H
.5227	a9 02		lda #$02	        lda #$02
.5229	a2 00		ldx #$00	        ldx #$00
.522b	20 35 08	jsr $0835	        jsr VDTEXT
.522e	a9 d2		lda #$d2	        lda #<shver
.5230	85 14		sta $14		        sta r9L
.5232	a9 62		lda #$62	        lda #>shver
.5234	85 15		sta $15		        sta r9H
.5236	a9 02		lda #$02	        lda #$02
.5238	a2 14		ldx #$14	        ldx #$14
.523a	20 35 08	jsr $0835	        jsr VDTEXT
.523d	a9 dc		lda #$dc	        lda #<sh_hint
.523f	85 14		sta $14		        sta r9L
.5241	a9 62		lda #$62	        lda #>sh_hint
.5243	85 15		sta $15		        sta r9H
.5245	a9 17		lda #$17	        lda #23
.5247	a2 00		ldx #$00	        ldx #$00
.5249	20 35 08	jsr $0835	        jsr VDTEXT
.524c	a9 34		lda #$34	        lda #<vd_prompt
.524e	85 14		sta $14		        sta r9L
.5250	a9 56		lda #$56	        lda #>vd_prompt
.5252	85 15		sta $15		        sta r9H
.5254	a9 05		lda #$05	        lda #$05
.5256	a2 00		ldx #$00	        ldx #$00
.5258	20 35 08	jsr $0835	        jsr VDTEXT
.525b	20 cc 56	jsr $56cc	        jsr refresh
.525e	a9 00		lda #$00	        lda #$00
.5260	85 46		sta $46		        sta cmdlen
.5262	8d 79 63	sta $6379	        sta cmdbuf
.5265	8d aa 63	sta $63aa	        sta respbuf
.5268	8d 0c 64	sta $640c	        sta respold
.526b	20 2c 08	jsr $082c	shloop: jsr KEYIN
.526e	c9 00		cmp #$00	        cmp #$00
.5270	f0 f9		beq $526b	        beq shloop
.5272	c9 0d		cmp #$0d	        cmp #$0d                        ; RETURN = execute
.5274	f0 1b		beq $5291	        beq j_exec
.5276	c9 1b		cmp #$1b	        cmp #$1b                        ; ESC = desktop
.5278	f0 14		beq $528e	        beq j_desk
.527a	c9 14		cmp #$14	        cmp #$14                        ; DEL = backspace
.527c	f0 0a		beq $5288	        beq j_back
.527e	c9 20		cmp #$20	        cmp #$20                        ; printable from here on
.5280	90 e9		bcc $526b	        bcc shloop
.5282	20 a1 52	jsr $52a1	        jsr sh_add
.5285	4c 6b 52	jmp $526b	        jmp shloop
.5288	20 b6 52	jsr $52b6	j_back: jsr sh_back
.528b	4c 6b 52	jmp $526b	        jmp shloop
.528e	4c 12 55	jmp $5512	j_desk: jmp sh_desk
.5291	20 c3 52	jsr $52c3	j_exec: jsr sh_parse
.5294	a9 00		lda #$00	        lda #$00
.5296	85 46		sta $46		        sta cmdlen
.5298	8d 79 63	sta $6379	        sta cmdbuf
.529b	20 68 56	jsr $5668	        jsr cmd_line
.529e	4c 6b 52	jmp $526b	        jmp shloop
.52a1					sh_add:
.52a1	a4 46		ldy $46		        ldy cmdlen
.52a3	c0 1e		cpy #$1e	        cpy #30                         ; cap the command line
.52a5	b0 0e		bcs $52b5	        bcs _sa_r
.52a7	99 79 63	sta $6379,y	        sta cmdbuf,y                    ; store the character, not cmdlen
.52aa	c8		iny		        iny
.52ab	84 46		sty $46		        sty cmdlen
.52ad	a9 00		lda #$00	        lda #$00
.52af	99 79 63	sta $6379,y	        sta cmdbuf,y                    ; keep the buffer $00-terminated
.52b2	20 68 56	jsr $5668	        jsr cmd_line                    ; whole-line redraw (XOR-safe)
.52b5	60		rts		_sa_r:  rts
.52b6					sh_back:
.52b6	a5 46		lda $46		        lda cmdlen
.52b8	f0 08		beq $52c2	        beq _sb_r
.52ba	38		sec		        sec
.52bb	e9 01		sbc #$01	        sbc #$01
.52bd	85 46		sta $46		        sta cmdlen
.52bf	20 68 56	jsr $5668	        jsr cmd_line
.52c2	60		rts		_sb_r:  rts
.52c3					sh_parse:
.52c3	ad 79 63	lda $6379	        lda cmdbuf
.52c6	c9 44		cmp #$44	        cmp #$44                        ; 'D'
.52c8	f0 41		beq $530b	        beq _sp_d
.52ca	c9 52		cmp #$52	        cmp #$52                        ; 'R'
.52cc	f0 52		beq $5320	        beq _sp_r
.52ce	c9 56		cmp #$56	        cmp #$56                        ; 'V'
.52d0	f0 63		beq $5335	        beq _sp_v
.52d2	c9 45		cmp #$45	        cmp #$45                        ; 'E'
.52d4	f0 73		beq $5349	        beq _sp_e
.52d6	c9 43		cmp #$43	        cmp #$43                        ; 'C'
.52d8	f0 1c		beq $52f6	        beq _sp_c
.52da	c9 48		cmp #$48	        cmp #$48                        ; 'H' -> HELP
.52dc	f0 03		beq $52e1	        beq _sp_h
.52de	4c 53 53	jmp $5353	        jmp sp_unk                      ; (T/I/G verbs are checked there)
.52e1	ad 7a 63	lda $637a	_sp_h:  lda cmdbuf+1
.52e4	c9 45		cmp #$45	        cmp #$45                        ; 'E'
.52e6	d0 6b		bne $5353	        bne sp_unk
.52e8	a9 dc		lda #$dc	        lda #<sh_hint
.52ea	85 02		sta $02		        sta r0L
.52ec	a9 62		lda #$62	        lda #>sh_hint
.52ee	85 03		sta $03		        sta r0H
.52f0	20 d2 55	jsr $55d2	        jsr setline
.52f3	4c 6d 53	jmp $536d	        jmp sp_fin
.52f6	ad 7a 63	lda $637a	_sp_c:  lda cmdbuf+1
.52f9	c9 4f		cmp #$4f	        cmp #$4f                        ; 'O' -> COPY old new
.52fb	d0 04		bne $5301	        bne _sp_ca
.52fd	20 f7 53	jsr $53f7	        jsr cmd_copy
.5300	60		rts		        rts
.5301	c9 41		cmp #$41	_sp_ca: cmp #$41                        ; 'A' -> CAT file
.5303	d0 4e		bne $5353	        bne sp_unk
.5305	20 05 5c	jsr $5c05	        jsr cmd_cat
.5308	4c 6d 53	jmp $536d	        jmp sp_fin
.530b	ad 7a 63	lda $637a	_sp_d:  lda cmdbuf+1
.530e	c9 49		cmp #$49	        cmp #$49                        ; 'I' -> DIR
.5310	d0 06		bne $5318	        bne _sp_de
.5312	20 ad 54	jsr $54ad	        jsr cmd_dir
.5315	4c 6d 53	jmp $536d	        jmp sp_fin
.5318	c9 45		cmp #$45	_sp_de: cmp #$45                        ; 'E' -> DEL
.531a	d0 37		bne $5353	        bne sp_unk
.531c	20 d9 54	jsr $54d9	        jsr cmd_del
.531f	60		rts		        rts
.5320	ad 7a 63	lda $637a	_sp_r:  lda cmdbuf+1
.5323	c9 55		cmp #$55	        cmp #$55                        ; 'U' -> RUN
.5325	f0 08		beq $532f	        beq _sp_run
.5327	c9 45		cmp #$45	        cmp #$45                        ; 'E' -> REN old new
.5329	d0 28		bne $5353	        bne sp_unk
.532b	20 58 54	jsr $5458	        jsr cmd_ren
.532e	60		rts		        rts
.532f					_sp_run:
.532f	20 c8 54	jsr $54c8	        jsr cmd_run
.5332	4c 6d 53	jmp $536d	        jmp sp_fin
.5335	ad 7a 63	lda $637a	_sp_v:  lda cmdbuf+1
.5338	c9 45		cmp #$45	        cmp #$45                        ; 'E'
.533a	d0 17		bne $5353	        bne sp_unk
.533c	ad 7b 63	lda $637b	        lda cmdbuf+2
.533f	c9 52		cmp #$52	        cmp #$52                        ; 'R' -> VER
.5341	d0 10		bne $5353	        bne sp_unk
.5343	20 bc 54	jsr $54bc	        jsr cmd_ver
.5346	4c 6d 53	jmp $536d	        jmp sp_fin
.5349	ad 7a 63	lda $637a	_sp_e:  lda cmdbuf+1
.534c	c9 58		cmp #$58	        cmp #$58                        ; 'X' -> EXIT
.534e	d0 03		bne $5353	        bne sp_unk
.5350	4c 12 55	jmp $5512	        jmp sh_desk
.5353					sp_unk:
.5353	ad 79 63	lda $6379	        lda cmdbuf
.5356	c9 54		cmp #$54	        cmp #$54                        ; 'T' -> TIME [SYNC]
.5358	f0 14		beq $536e	        beq sp_t
.535a	c9 49		cmp #$49	        cmp #$49                        ; 'I' -> IP
.535c	f0 1d		beq $537b	        beq sp_i
.535e	c9 47		cmp #$47	        cmp #$47                        ; 'G' -> GET host path
.5360	f0 26		beq $5388	        beq sp_g
.5362					sp_unk_msg:
.5362	a9 37		lda #$37	        lda #<msg_unk
.5364	85 02		sta $02		        sta r0L
.5366	a9 63		lda #$63	        lda #>msg_unk
.5368	85 03		sta $03		        sta r0H
.536a	20 d2 55	jsr $55d2	        jsr setline
.536d					sp_fin:
.536d	60		rts		        rts
.536e	ad 7a 63	lda $637a	sp_t:   lda cmdbuf+1
.5371	c9 49		cmp #$49	        cmp #$49                        ; 'I'
.5373	d0 ed		bne $5362	        bne sp_unk_msg
.5375	20 e7 58	jsr $58e7	        jsr cmd_time
.5378	4c 6d 53	jmp $536d	        jmp sp_fin
.537b	ad 7a 63	lda $637a	sp_i:   lda cmdbuf+1
.537e	c9 50		cmp #$50	        cmp #$50                        ; 'P'
.5380	d0 e0		bne $5362	        bne sp_unk_msg
.5382	20 0f 5a	jsr $5a0f	        jsr cmd_ip
.5385	4c 6d 53	jmp $536d	        jmp sp_fin
.5388	ad 7a 63	lda $637a	sp_g:   lda cmdbuf+1
.538b	c9 45		cmp #$45	        cmp #$45                        ; 'E'
.538d	d0 d3		bne $5362	        bne sp_unk_msg
.538f	20 58 5a	jsr $5a58	        jsr cmd_get
.5392	4c 6d 53	jmp $536d	        jmp sp_fin
.5395					sh_argbuf:
.5395	ad 7c 63	lda $637c	        lda cmdbuf+3
.5398	c9 20		cmp #$20	        cmp #' '
.539a	d0 18		bne $53b4	        bne _sa_none
.539c	a0 00		ldy #$00	        ldy #$00
.539e	a2 04		ldx #$04	        ldx #$04
.53a0	bd 79 63	lda $6379,x	_ag_l:  lda cmdbuf,x
.53a3	f0 09		beq $53ae	        beq _ag_z
.53a5	99 99 63	sta $6399,y	        sta tokbuf,y
.53a8	e8		inx		        inx
.53a9	c8		iny		        iny
.53aa	c0 10		cpy #$10	        cpy #16
.53ac	d0 f2		bne $53a0	        bne _ag_l
.53ae	a9 00		lda #$00	_ag_z:  lda #$00
.53b0	99 99 63	sta $6399,y	        sta tokbuf,y
.53b3	60		rts		        rts
.53b4					_sa_none:
.53b4	a9 00		lda #$00	        lda #$00
.53b6	8d 99 63	sta $6399	        sta tokbuf
.53b9	60		rts		        rts
.53ba					sh_args2:
.53ba	a0 00		ldy #$00	        ldy #$00
.53bc	bd 79 63	lda $6379,x	_a2_l:  lda cmdbuf,x
.53bf	f0 0d		beq $53ce	        beq _a2_e1
.53c1	c9 20		cmp #$20	        cmp #' '
.53c3	f0 12		beq $53d7	        beq _a2_sp
.53c5	99 99 63	sta $6399,y	        sta tokbuf,y
.53c8	e8		inx		        inx
.53c9	c8		iny		        iny
.53ca	c0 10		cpy #$10	        cpy #16
.53cc	d0 ee		bne $53bc	        bne _a2_l
.53ce	a9 00		lda #$00	_a2_e1: lda #$00
.53d0	99 99 63	sta $6399,y	        sta tokbuf,y
.53d3	8d 47 63	sta $6347	        sta tok2buf
.53d6	60		rts		        rts
.53d7	a9 00		lda #$00	_a2_sp: lda #$00
.53d9	99 99 63	sta $6399,y	        sta tokbuf,y
.53dc	e8		inx		        inx                             ; skip the space
.53dd	a0 00		ldy #$00	        ldy #$00
.53df	bd 79 63	lda $6379,x	_a2_m:  lda cmdbuf,x
.53e2	f0 0d		beq $53f1	        beq _a2_e2
.53e4	c9 20		cmp #$20	        cmp #' '
.53e6	f0 09		beq $53f1	        beq _a2_e2
.53e8	99 47 63	sta $6347,y	        sta tok2buf,y
.53eb	e8		inx		        inx
.53ec	c8		iny		        iny
.53ed	c0 10		cpy #$10	        cpy #16
.53ef	d0 ee		bne $53df	        bne _a2_m
.53f1	a9 00		lda #$00	_a2_e2: lda #$00
.53f3	99 47 63	sta $6347,y	        sta tok2buf,y
.53f6	60		rts		        rts
.53f7					cmd_copy:
.53f7	a2 05		ldx #$05	        ldx #$05                        ; after "COPY "
.53f9	20 ba 53	jsr $53ba	        jsr sh_args2
.53fc	ad 99 63	lda $6399	        lda tokbuf
.53ff	f0 4b		beq $544c	        beq cp_none
.5401	ad 47 63	lda $6347	        lda tok2buf
.5404	f0 46		beq $544c	        beq cp_none
.5406	a9 00		lda #$00	        lda #$00
.5408	8d 77 64	sta $6477	        sta fci
.540b	a9 39		lda #$39	        lda #<p_copy
.540d	85 02		sta $02		        sta r0L
.540f	a9 63		lda #$63	        lda #>p_copy
.5411	85 03		sta $03		        sta r0H
.5413	20 23 55	jsr $5523	        jsr apstr                       ; "C0:"
.5416	a9 47		lda #$47	        lda #<tok2buf
.5418	85 02		sta $02		        sta r0L
.541a	a9 63		lda #$63	        lda #>tok2buf
.541c	85 03		sta $03		        sta r0H
.541e	20 23 55	jsr $5523	        jsr apstr                       ; new
.5421	a9 41		lda #$41	        lda #<p_eq0
.5423	85 02		sta $02		        sta r0L
.5425	a9 63		lda #$63	        lda #>p_eq0
.5427	85 03		sta $03		        sta r0H
.5429	20 23 55	jsr $5523	        jsr apstr                       ; "=0:"
.542c	a9 99		lda #$99	        lda #<tokbuf
.542e	85 02		sta $02		        sta r0L
.5430	a9 63		lda #$63	        lda #>tokbuf
.5432	85 03		sta $03		        sta r0H
.5434	20 23 55	jsr $5523	        jsr apstr                       ; old
.5437	20 38 55	jsr $5538	        jsr apnull
.543a	20 41 55	jsr $5541	        jsr sendcmd
.543d	20 cc 56	jsr $56cc	        jsr refresh
.5440	a9 1a		lda #$1a	        lda #<msg_copd
.5442	85 02		sta $02		        sta r0L
.5444	a9 63		lda #$63	        lda #>msg_copd
.5446	85 03		sta $03		        sta r0H
.5448	20 99 55	jsr $5599	        jsr show_status
.544b	60		rts		        rts
.544c					cp_none:
.544c	a9 29		lda #$29	        lda #<msg_args
.544e	85 02		sta $02		        sta r0L
.5450	a9 63		lda #$63	        lda #>msg_args
.5452	85 03		sta $03		        sta r0H
.5454	20 d2 55	jsr $55d2	        jsr setline
.5457	60		rts		        rts
.5458					cmd_ren:
.5458	a2 04		ldx #$04	        ldx #$04                        ; after "REN "
.545a	20 ba 53	jsr $53ba	        jsr sh_args2
.545d	ad 99 63	lda $6399	        lda tokbuf
.5460	f0 ea		beq $544c	        beq cp_none
.5462	ad 47 63	lda $6347	        lda tok2buf
.5465	f0 e5		beq $544c	        beq cp_none
.5467	a9 00		lda #$00	        lda #$00
.5469	8d 77 64	sta $6477	        sta fci
.546c	a9 3d		lda #$3d	        lda #<p_ren
.546e	85 02		sta $02		        sta r0L
.5470	a9 63		lda #$63	        lda #>p_ren
.5472	85 03		sta $03		        sta r0H
.5474	20 23 55	jsr $5523	        jsr apstr                       ; "R0:"
.5477	a9 47		lda #$47	        lda #<tok2buf
.5479	85 02		sta $02		        sta r0L
.547b	a9 63		lda #$63	        lda #>tok2buf
.547d	85 03		sta $03		        sta r0H
.547f	20 23 55	jsr $5523	        jsr apstr                       ; new
.5482	a9 45		lda #$45	        lda #<p_eq
.5484	85 02		sta $02		        sta r0L
.5486	a9 63		lda #$63	        lda #>p_eq
.5488	85 03		sta $03		        sta r0H
.548a	20 23 55	jsr $5523	        jsr apstr                       ; "="
.548d	a9 99		lda #$99	        lda #<tokbuf
.548f	85 02		sta $02		        sta r0L
.5491	a9 63		lda #$63	        lda #>tokbuf
.5493	85 03		sta $03		        sta r0H
.5495	20 23 55	jsr $5523	        jsr apstr                       ; old
.5498	20 38 55	jsr $5538	        jsr apnull
.549b	20 41 55	jsr $5541	        jsr sendcmd
.549e	20 cc 56	jsr $56cc	        jsr refresh
.54a1	a9 21		lda #$21	        lda #<msg_rend
.54a3	85 02		sta $02		        sta r0L
.54a5	a9 63		lda #$63	        lda #>msg_rend
.54a7	85 03		sta $03		        sta r0H
.54a9	20 99 55	jsr $5599	        jsr show_status
.54ac	60		rts		        rts
.54ad					cmd_dir:
.54ad	a9 0e		lda #$0e	        lda #<msg_dird
.54af	85 02		sta $02		        sta r0L
.54b1	a9 63		lda #$63	        lda #>msg_dird
.54b3	85 03		sta $03		        sta r0H
.54b5	20 d2 55	jsr $55d2	        jsr setline
.54b8	20 cc 56	jsr $56cc	        jsr refresh
.54bb					_sp_dir_r:
.54bb	60		rts		        rts
.54bc					cmd_ver:
.54bc	a9 d2		lda #$d2	        lda #<shver
.54be	85 02		sta $02		        sta r0L
.54c0	a9 62		lda #$62	        lda #>shver
.54c2	85 03		sta $03		        sta r0H
.54c4	20 d2 55	jsr $55d2	        jsr setline
.54c7	60		rts		        rts
.54c8					cmd_run:
.54c8	20 95 53	jsr $5395	        jsr sh_argbuf
.54cb	a9 99		lda #$99	        lda #<tokbuf
.54cd	85 02		sta $02		        sta r0L
.54cf	a9 63		lda #$63	        lda #>tokbuf
.54d1	85 03		sta $03		        sta r0H
.54d3	20 29 08	jsr $0829	        jsr FILLFILE
.54d6	4c 32 08	jmp $0832	        jmp LAUNCH_APP                  ; core-resident: the load overwrites
.54d9					cmd_del:
.54d9	20 95 53	jsr $5395	        jsr sh_argbuf
.54dc	ad 99 63	lda $6399	        lda tokbuf
.54df	f0 30		beq $5511	        beq _sp_none                    ; no argument: nothing to scratch
.54e1	a9 00		lda #$00	        lda #$00
.54e3	8d 77 64	sta $6477	        sta fci
.54e6	a9 0a		lda #$0a	        lda #<p_del2
.54e8	85 02		sta $02		        sta r0L
.54ea	a9 63		lda #$63	        lda #>p_del2
.54ec	85 03		sta $03		        sta r0H
.54ee	20 23 55	jsr $5523	        jsr apstr                       ; "S0:"
.54f1	a9 99		lda #$99	        lda #<tokbuf
.54f3	85 02		sta $02		        sta r0L
.54f5	a9 63		lda #$63	        lda #>tokbuf
.54f7	85 03		sta $03		        sta r0H
.54f9	20 23 55	jsr $5523	        jsr apstr                       ; <arg>
.54fc	20 38 55	jsr $5538	        jsr apnull
.54ff	20 41 55	jsr $5541	        jsr sendcmd
.5502	20 cc 56	jsr $56cc	        jsr refresh
.5505	a9 12		lda #$12	        lda #<msg_deld
.5507	85 02		sta $02		        sta r0L
.5509	a9 63		lda #$63	        lda #>msg_deld
.550b	85 03		sta $03		        sta r0H
.550d	20 99 55	jsr $5599	        jsr show_status
.5510	60		rts		        rts
.5511					_sp_none:
.5511	60		rts		        rts
.5512					sh_desk:
.5512	a9 b8		lda #$b8	        lda #<dskstr
.5514	85 02		sta $02		        sta r0L
.5516	a9 62		lda #$62	        lda #>dskstr
.5518	85 03		sta $03		        sta r0H
.551a	20 29 08	jsr $0829	        jsr FILLFILE
.551d	20 26 08	jsr $0826	        jsr DLOADAPP
.5520	4c 00 10	jmp $1000	        jmp DESK_START
.5523					apstr:
.5523	ae 77 64	ldx $6477	        ldx fci
.5526	a0 00		ldy #$00	        ldy #$00
.5528	b1 02		lda ($02),y	ap_l:   lda (r0),y
.552a	f0 08		beq $5534	        beq ap_d
.552c	9d 78 64	sta $6478,x	        sta fncmd,x
.552f	e8		inx		        inx
.5530	c8		iny		        iny
.5531	4c 28 55	jmp $5528	        jmp ap_l
.5534	8e 77 64	stx $6477	ap_d:   stx fci
.5537	60		rts		        rts
.5538					apnull:
.5538	ae 77 64	ldx $6477	        ldx fci
.553b	a9 00		lda #$00	        lda #$00
.553d	9d 78 64	sta $6478,x	        sta fncmd,x
.5540	60		rts		        rts
.5541					sendcmd:
.5541	a9 0f		lda #$0f	        lda #$0f
.5543	a2 08		ldx #$08	        ldx #$08
.5545	a0 0f		ldy #$0f	        ldy #$0f
.5547	20 ba ff	jsr $ffba	        jsr SETLFS
.554a	a9 00		lda #$00	        lda #$00
.554c	a2 00		ldx #$00	        ldx #$00
.554e	a0 00		ldy #$00	        ldy #$00
.5550	20 bd ff	jsr $ffbd	        jsr SETNAM
.5553	20 c0 ff	jsr $ffc0	        jsr OPEN
.5556	a2 0f		ldx #$0f	        ldx #$0f
.5558	20 c9 ff	jsr $ffc9	        jsr CHKOUT
.555b	a0 00		ldy #$00	        ldy #$00
.555d	b9 78 64	lda $6478,y	sc_cp:  lda fncmd,y
.5560	f0 07		beq $5569	        beq sc_cr
.5562	20 d2 ff	jsr $ffd2	        jsr CHROUT
.5565	c8		iny		        iny
.5566	4c 5d 55	jmp $555d	        jmp sc_cp
.5569	a9 0d		lda #$0d	sc_cr:  lda #$0d
.556b	20 d2 ff	jsr $ffd2	        jsr CHROUT
.556e	20 cc ff	jsr $ffcc	        jsr CLRCHN
.5571	a2 0f		ldx #$0f	        ldx #$0f
.5573	20 c6 ff	jsr $ffc6	        jsr CHKIN
.5576	a0 00		ldy #$00	        ldy #$00
.5578	20 cf ff	jsr $ffcf	st_l:   jsr CHRIN
.557b	c9 0d		cmp #$0d	        cmp #$0d
.557d	f0 0b		beq $558a	        beq st_d
.557f	c0 1e		cpy #$1e	        cpy #30
.5581	b0 f5		bcs $5578	        bcs st_l                        ; drain, but keep only 30 chars
.5583	99 58 63	sta $6358,y	        sta stbuf,y
.5586	c8		iny		        iny
.5587	4c 78 55	jmp $5578	        jmp st_l
.558a	a9 00		lda #$00	st_d:   lda #$00
.558c	99 58 63	sta $6358,y	        sta stbuf,y
.558f	20 cc ff	jsr $ffcc	        jsr CLRCHN
.5592	a9 0f		lda #$0f	        lda #$0f
.5594	20 c3 ff	jsr $ffc3	        jsr CLOSE
.5597	58		cli		        cli                             ; serial IRQ-mask quirk (see fmgr)
.5598	60		rts		        rts
.5599					show_status:
.5599	ad 58 63	lda $6358	        lda stbuf
.559c	c9 30		cmp #$30	        cmp #'0'
.559e	d0 0f		bne $55af	        bne ss_err
.55a0	ad 59 63	lda $6359	        lda stbuf+1
.55a3	c9 30		cmp #$30	        cmp #'0'                        ; "00, OK"
.55a5	f0 04		beq $55ab	        beq ss_ok
.55a7	c9 31		cmp #$31	        cmp #'1'                        ; "01, FILES SCRATCHED" (1541 scratch)
.55a9	d0 04		bne $55af	        bne ss_err
.55ab	20 d2 55	jsr $55d2	ss_ok:  jsr setline
.55ae	60		rts		        rts
.55af	a9 58		lda #$58	ss_err: lda #<stbuf
.55b1	85 02		sta $02		        sta r0L
.55b3	a9 63		lda #$63	        lda #>stbuf
.55b5	85 03		sta $03		        sta r0H
.55b7	20 d2 55	jsr $55d2	        jsr setline
.55ba	60		rts		        rts
.55bb					strlen:
.55bb	a9 00		lda #$00	        lda #$00
.55bd	8d 74 64	sta $6474	        sta namlen
.55c0	a0 00		ldy #$00	        ldy #$00
.55c2	b1 02		lda ($02),y	stl_l:  lda (r0),y
.55c4	f0 0b		beq $55d1	        beq stl_d
.55c6	c0 18		cpy #$18	        cpy #24
.55c8	b0 07		bcs $55d1	        bcs stl_d
.55ca	ee 74 64	inc $6474	        inc namlen
.55cd	c8		iny		        iny
.55ce	4c c2 55	jmp $55c2	        jmp stl_l
.55d1	60		rts		stl_d:  rts
.55d2					setline:
.55d2	a0 00		ldy #$00	        ldy #$00
.55d4	b1 02		lda ($02),y	sl_cp:  lda (r0),y
.55d6	f0 0a		beq $55e2	        beq sl_d
.55d8	c0 2e		cpy #$2e	        cpy #46
.55da	b0 06		bcs $55e2	        bcs sl_d
.55dc	99 aa 63	sta $63aa,y	        sta respbuf,y
.55df	c8		iny		        iny
.55e0	d0 f2		bne $55d4	        bne sl_cp
.55e2	a9 00		lda #$00	sl_d:   lda #$00
.55e4	99 aa 63	sta $63aa,y	        sta respbuf,y
.55e7	a9 18		lda #$18	        lda #COL_X
.55e9	85 02		sta $02		        sta X1
.55eb	a9 00		lda #$00	        lda #$00
.55ed	85 03		sta $03		        sta X1+1
.55ef	a9 ac		lda #$ac	        lda #STAT_Y
.55f1	85 04		sta $04		        sta Y1
.55f3	a9 0c		lda #$0c	        lda #<respold
.55f5	85 14		sta $14		        sta r9L
.55f7	a9 64		lda #$64	        lda #>respold
.55f9	85 15		sta $15		        sta r9H
.55fb	20 1e c0	jsr $c01e	        jsr GPUTS
.55fe	a0 00		ldy #$00	        ldy #$00
.5600	b9 aa 63	lda $63aa,y	sl_old: lda respbuf,y
.5603	99 0c 64	sta $640c,y	        sta respold,y
.5606	f0 05		beq $560d	        beq sl_d2
.5608	c8		iny		        iny
.5609	c0 2f		cpy #$2f	        cpy #47
.560b	d0 f3		bne $5600	        bne sl_old
.560d	20 43 56	jsr $5643	sl_d2:  jsr resp_show
.5610	a9 07		lda #$07	        lda #$07
.5612	20 38 08	jsr $0838	        jsr VDCLR
.5615	a9 aa		lda #$aa	        lda #<respbuf
.5617	85 14		sta $14		        sta r9L
.5619	a9 63		lda #$63	        lda #>respbuf
.561b	85 15		sta $15		        sta r9H
.561d	a9 07		lda #$07	        lda #$07
.561f	a2 02		ldx #$02	        ldx #$02
.5621	20 35 08	jsr $0835	        jsr VDTEXT
.5624	60		rts		        rts
.5625					vd_clear_area:
.5625	a9 02		lda #$02	        lda #$02
.5627	48		pha		vca_l:  pha
.5628	20 38 08	jsr $0838	        jsr VDCLR
.562b	68		pla		        pla
.562c	18		clc		        clc
.562d	69 01		adc #$01	        adc #$01
.562f	c9 18		cmp #$18	        cmp #24
.5631	d0 f4		bne $5627	        bne vca_l
.5633	60		rts		        rts
>5634	3e 20 00			vd_prompt: .text "> ", $00
.5637					show_hint:
.5637	a9 dc		lda #$dc	        lda #<sh_hint
.5639	85 02		sta $02		        sta r0L
.563b	a9 62		lda #$62	        lda #>sh_hint
.563d	85 03		sta $03		        sta r0H
.563f	20 d2 55	jsr $55d2	        jsr setline
.5642	60		rts		        rts
.5643					resp_show:
.5643	a9 01		lda #$01	        lda #$01
.5645	20 0c c0	jsr $c00c	        jsr GFX_SETCOLOR
.5648	a9 18		lda #$18	        lda #COL_X
.564a	85 02		sta $02		        sta X1
.564c	a9 00		lda #$00	        lda #$00
.564e	85 03		sta $03		        sta X1+1
.5650	a9 ac		lda #$ac	        lda #STAT_Y
.5652	85 04		sta $04		        sta Y1
.5654	a9 0c		lda #$0c	        lda #<respold
.5656	85 14		sta $14		        sta r9L
.5658	a9 64		lda #$64	        lda #>respold
.565a	85 15		sta $15		        sta r9H
.565c	a9 00		lda #$00	        lda #$00
.565e	85 03		sta $03		        sta X1+1
.5660	a9 ac		lda #$ac	        lda #STAT_Y
.5662	85 04		sta $04		        sta Y1
.5664	20 1e c0	jsr $c01e	        jsr GPUTS
.5667	60		rts		        rts
.5668					cmd_line:
.5668	a9 05		lda #$05	        lda #$05
.566a	20 38 08	jsr $0838	        jsr VDCLR
.566d	a9 34		lda #$34	        lda #<vd_prompt
.566f	85 14		sta $14		        sta r9L
.5671	a9 56		lda #$56	        lda #>vd_prompt
.5673	85 15		sta $15		        sta r9H
.5675	a9 05		lda #$05	        lda #$05
.5677	a2 00		ldx #$00	        ldx #$00
.5679	20 35 08	jsr $0835	        jsr VDTEXT
.567c	a9 79		lda #$79	        lda #<cmdbuf
.567e	85 14		sta $14		        sta r9L
.5680	a9 63		lda #$63	        lda #>cmdbuf
.5682	85 15		sta $15		        sta r9H
.5684	a9 05		lda #$05	        lda #$05
.5686	a2 02		ldx #$02	        ldx #$02
.5688	20 35 08	jsr $0835	        jsr VDTEXT
.568b	a9 18		lda #$18	        lda #COL_X
.568d	85 02		sta $02		        sta X1
.568f	a9 00		lda #$00	        lda #$00
.5691	85 03		sta $03		        sta X1+1
.5693	a9 a0		lda #$a0	        lda #CMD_Y
.5695	85 04		sta $04		        sta Y1
.5697	a9 ec		lda #$ec	        lda #<oldbuf
.5699	85 14		sta $14		        sta r9L
.569b	a9 63		lda #$63	        lda #>oldbuf
.569d	85 15		sta $15		        sta r9H
.569f	20 1e c0	jsr $c01e	        jsr GPUTS                       ; cancel the shown glyphs
.56a2	a0 00		ldy #$00	        ldy #$00
.56a4	b9 79 63	lda $6379,y	cl_cp:  lda cmdbuf,y
.56a7	99 ec 63	sta $63ec,y	        sta oldbuf,y
.56aa	c8		iny		        iny
.56ab	c0 1f		cpy #$1f	        cpy #31
.56ad	d0 f5		bne $56a4	        bne cl_cp
.56af	a9 00		lda #$00	        lda #$00
.56b1	99 ec 63	sta $63ec,y	        sta oldbuf,y
.56b4	a9 18		lda #$18	        lda #COL_X
.56b6	85 02		sta $02		        sta X1
.56b8	a9 00		lda #$00	        lda #$00
.56ba	85 03		sta $03		        sta X1+1
.56bc	a9 a0		lda #$a0	        lda #CMD_Y
.56be	85 04		sta $04		        sta Y1
.56c0	a9 ec		lda #$ec	        lda #<oldbuf
.56c2	85 14		sta $14		        sta r9L
.56c4	a9 63		lda #$63	        lda #>oldbuf
.56c6	85 15		sta $15		        sta r9H
.56c8	20 1e c0	jsr $c01e	        jsr GPUTS                       ; draw the new line
.56cb	60		rts		        rts
.56cc					refresh:
.56cc	a9 01		lda #$01	        lda #$01
.56ce	20 0c c0	jsr $c00c	        jsr GFX_SETCOLOR
.56d1	ad b4 5f	lda $5fb4	        lda dirty
.56d4	f0 03		beq $56d9	        beq _rf_clean
.56d6	20 99 5c	jsr $5c99	        jsr rows_wipe
.56d9					_rf_clean:
.56d9	ad 76 64	lda $6476	        lda painted
.56dc	f0 03		beq $56e1	        beq _rf_scan
.56de	20 03 57	jsr $5703	        jsr paintrows
.56e1					_rf_scan:
.56e1	20 2f 58	jsr $582f	        jsr dirscan
.56e4	a9 ff		lda #$ff	        lda #$ff
.56e6	8d 75 64	sta $6475	        sta prev_row
.56e9	20 03 57	jsr $5703	        jsr paintrows
.56ec	a9 01		lda #$01	        lda #$01
.56ee	8d 76 64	sta $6476	        sta painted
.56f1	a9 dc		lda #$dc	        lda #<sh_hint
.56f3	85 02		sta $02		        sta r0L
.56f5	a9 62		lda #$62	        lda #>sh_hint
.56f7	85 03		sta $03		        sta r0H
.56f9	20 d2 55	jsr $55d2	        jsr setline
.56fc	60		rts		        rts
.56fd					repaint:
.56fd	20 03 57	jsr $5703	        jsr paintrows
.5700	4c 6b 52	jmp $526b	        jmp shloop
.5703					paintrows:
.5703	a5 41		lda $41		        lda shcnt
.5705	f0 2d		beq $5734	        beq pr_done                    ; empty directory: the row loop
.5707	a9 00		lda #$00	        lda #$00                        ; below compares AFTER painting,
.5709	85 42		sta $42		        sta rowi                        ; so 0 entries would paint 256 rows
.570b	a5 42		lda $42		pr_l:   lda rowi
.570d	aa		tax		        tax
.570e	bd 4b 57	lda $574b,x	        lda shnamesL,x
.5711	85 14		sta $14		        sta r9L
.5713	bd 57 57	lda $5757,x	        lda shnamesH,x
.5716	85 15		sta $15		        sta r9H
.5718	a9 18		lda #$18	        lda #COL_X
.571a	85 02		sta $02		        sta X1
.571c	a9 00		lda #$00	        lda #$00
.571e	85 03		sta $03		        sta X1+1
.5720	a9 28		lda #$28	        lda #TOP_Y
.5722	85 04		sta $04		        sta Y1
.5724	a5 42		lda $42		        lda rowi
.5726	20 35 57	jsr $5735	        jsr addrowy
.5729	20 1e c0	jsr $c01e	        jsr GPUTS
.572c	e6 42		inc $42		        inc rowi
.572e	a5 42		lda $42		        lda rowi
.5730	c5 41		cmp $41		        cmp shcnt
.5732	d0 d7		bne $570b	        bne pr_l
.5734					pr_done:
.5734	60		rts		        rts
.5735					addrowy:
.5735	85 48		sta $48		        sta tmpa
.5737	a5 48		lda $48		        lda tmpa
.5739	0a		asl a		        asl
.573a	0a		asl a		        asl
.573b	0a		asl a		        asl                             ; row*8
.573c	85 4b		sta $4b		        sta tmpb
.573e	a5 42		lda $42		        lda rowi
.5740	0a		asl a		        asl
.5741	0a		asl a		        asl                             ; row*4
.5742	18		clc		        clc
.5743	65 4b		adc $4b		        adc tmpb
.5745	18		clc		        clc
.5746	65 04		adc $04		        adc Y1
.5748	85 04		sta $04		        sta Y1
.574a	60		rts		        rts
>574b	63 74 85 96 a7 b8		shnamesL: .byte <sn1, <sn2, <sn3, <sn4, <sn5, <sn6
>5751	c9 da eb fc 0d 1e		          .byte <sn7, <sn8, <sn9, <sna, <snb, <snc
>5757	57 57 57 57 57 57		shnamesH: .byte >sn1, >sn2, >sn3, >sn4, >sn5, >sn6
>575d	57 57 57 57 58 58		          .byte >sn7, >sn8, >sn9, >sna, >snb, >snc
>5763	00 00 00 00 00 00 00 00		sn1:  .byte 0,0,0,0,0,0,0,0,0,0,0,0,0,0,0,0,0
>576b	00 00 00 00 00 00 00 00 00
>5774	00 00 00 00 00 00 00 00		sn2:  .byte 0,0,0,0,0,0,0,0,0,0,0,0,0,0,0,0,0
>577c	00 00 00 00 00 00 00 00 00
>5785	00 00 00 00 00 00 00 00		sn3:  .byte 0,0,0,0,0,0,0,0,0,0,0,0,0,0,0,0,0
>578d	00 00 00 00 00 00 00 00 00
>5796	00 00 00 00 00 00 00 00		sn4:  .byte 0,0,0,0,0,0,0,0,0,0,0,0,0,0,0,0,0
>579e	00 00 00 00 00 00 00 00 00
>57a7	00 00 00 00 00 00 00 00		sn5:  .byte 0,0,0,0,0,0,0,0,0,0,0,0,0,0,0,0,0
>57af	00 00 00 00 00 00 00 00 00
>57b8	00 00 00 00 00 00 00 00		sn6:  .byte 0,0,0,0,0,0,0,0,0,0,0,0,0,0,0,0,0
>57c0	00 00 00 00 00 00 00 00 00
>57c9	00 00 00 00 00 00 00 00		sn7:  .byte 0,0,0,0,0,0,0,0,0,0,0,0,0,0,0,0,0
>57d1	00 00 00 00 00 00 00 00 00
>57da	00 00 00 00 00 00 00 00		sn8:  .byte 0,0,0,0,0,0,0,0,0,0,0,0,0,0,0,0,0
>57e2	00 00 00 00 00 00 00 00 00
>57eb	00 00 00 00 00 00 00 00		sn9:  .byte 0,0,0,0,0,0,0,0,0,0,0,0,0,0,0,0,0
>57f3	00 00 00 00 00 00 00 00 00
>57fc	00 00 00 00 00 00 00 00		sna:  .byte 0,0,0,0,0,0,0,0,0,0,0,0,0,0,0,0,0
>5804	00 00 00 00 00 00 00 00 00
>580d	00 00 00 00 00 00 00 00		snb:  .byte 0,0,0,0,0,0,0,0,0,0,0,0,0,0,0,0,0
>5815	00 00 00 00 00 00 00 00 00
>581e	00 00 00 00 00 00 00 00		snc:  .byte 0,0,0,0,0,0,0,0,0,0,0,0,0,0,0,0,0
>5826	00 00 00 00 00 00 00 00 00
.582f					dirscan:
.582f	a9 00		lda #$00	        lda #$00
.5831	85 41		sta $41		        sta shcnt
.5833	a9 05		lda #$05	        lda #$05
.5835	a2 08		ldx #$08	        ldx #$08
.5837	a0 00		ldy #$00	        ldy #$00
.5839	20 ba ff	jsr $ffba	        jsr SETLFS
.583c	a9 01		lda #$01	        lda #$01
.583e	a2 78		ldx #$78	        ldx #<dname
.5840	a0 63		ldy #$63	        ldy #>dname
.5842	20 bd ff	jsr $ffbd	        jsr SETNAM
.5845	20 c0 ff	jsr $ffc0	        jsr OPEN
.5848	a2 05		ldx #$05	        ldx #$05
.584a	20 c6 ff	jsr $ffc6	        jsr CHKIN
.584d	a9 01		lda #$01	        lda #$01
.584f	8d a8 64	sta $64a8	        sta dsfirst
.5852					ds_ent:
.5852	a9 00		lda #$00	        lda #$00
.5854	8d a7 64	sta $64a7	        sta dseof
.5857	a0 00		ldy #$00	        ldy #$00
.5859	20 cf ff	jsr $ffcf	ds_rd:  jsr CHRIN
.585c	99 ba 64	sta $64ba,y	        sta dline,y
.585f	c8		iny		        iny
.5860	20 b7 ff	jsr $ffb7	        jsr READST
.5863	29 40		and #$40	        and #$40
.5865	f0 06		beq $586d	        beq ds_more
.5867	ee a7 64	inc $64a7	        inc dseof
.586a	4c 71 58	jmp $5871	        jmp ds_parse
.586d					ds_more:
.586d	c0 20		cpy #$20	        cpy #32
.586f	d0 e8		bne $5859	        bne ds_rd
.5871					ds_parse:
.5871	ad a8 64	lda $64a8	        lda dsfirst
.5874	f0 08		beq $587e	        beq ds_cnt
.5876	a9 00		lda #$00	        lda #$00
.5878	8d a8 64	sta $64a8	        sta dsfirst
.587b	4c d0 58	jmp $58d0	        jmp ds_next
.587e	ad bc 64	lda $64bc	ds_cnt: lda dline+2
.5881	0d bd 64	ora $64bd	        ora dline+3
.5884	d0 03		bne $5889	        bne ds_xinit                    ; count > 0: look for the name
.5886	4c d0 58	jmp $58d0	        jmp ds_next                     ; count 0 = disk title
.5889					ds_xinit:
.5889	a2 00		ldx #$00	        ldx #$00
.588b	bd ba 64	lda $64ba,x	ds_q1:  lda dline,x
.588e	c9 22		cmp #$22	        cmp #$22
.5890	f0 08		beq $589a	        beq ds_qgot
.5892	e8		inx		        inx
.5893	e0 20		cpx #$20	        cpx #32
.5895	d0 f4		bne $588b	        bne ds_q1
.5897	4c d0 58	jmp $58d0	        jmp ds_next
.589a					ds_qgot:
.589a	e8		inx		        inx                             ; step past the opening quote
.589b	a0 00		ldy #$00	        ldy #$00
.589d	bd ba 64	lda $64ba,x	ds_nc:  lda dline,x
.58a0	c9 22		cmp #$22	        cmp #$22
.58a2	f0 09		beq $58ad	        beq ds_ncend
.58a4	99 a9 64	sta $64a9,y	        sta fnbuf,y
.58a7	e8		inx		        inx
.58a8	c8		iny		        iny
.58a9	c0 10		cpy #$10	        cpy #$10                        ; cap at 16 chars
.58ab	d0 f0		bne $589d	        bne ds_nc
.58ad					ds_ncend:
.58ad	a9 00		lda #$00	        lda #$00
.58af	99 a9 64	sta $64a9,y	        sta fnbuf,y                     ; terminator
.58b2	a6 41		ldx $41		        ldx shcnt
.58b4	e0 0a		cpx #$0a	        cpx #LIST_MAX
.58b6	b0 18		bcs $58d0	        bcs ds_next
.58b8	bd 4b 57	lda $574b,x	        lda shnamesL,x
.58bb	85 02		sta $02		        sta r0L
.58bd	bd 57 57	lda $5757,x	        lda shnamesH,x
.58c0	85 03		sta $03		        sta r0H
.58c2	a0 00		ldy #$00	        ldy #$00
.58c4	b9 a9 64	lda $64a9,y	ds_cp:  lda fnbuf,y
.58c7	91 02		sta ($02),y	        sta (r0),y
.58c9	c8		iny		        iny
.58ca	c0 11		cpy #$11	        cpy #$11
.58cc	d0 f6		bne $58c4	        bne ds_cp
.58ce	e6 41		inc $41		        inc shcnt
.58d0					ds_next:
.58d0	a9 00		lda #$00	        lda #$00
.58d2	8d a8 64	sta $64a8	        sta dsfirst
.58d5	ad a7 64	lda $64a7	        lda dseof
.58d8	d0 03		bne $58dd	        bne ds_end
.58da	4c 52 58	jmp $5852	        jmp ds_ent
.58dd					ds_end:
.58dd	20 cc ff	jsr $ffcc	        jsr CLRCHN
.58e0	a9 05		lda #$05	        lda #$05
.58e2	20 c3 ff	jsr $ffc3	        jsr CLOSE
.58e5	58		cli		        cli
.58e6	60		rts		        rts
.58e7					cmd_time:
.58e7	ad 7d 63	lda $637d	        lda cmdbuf+4
.58ea	c9 20		cmp #$20	        cmp #$20
.58ec	d0 0a		bne $58f8	        bne _ct_show
.58ee	ad 7e 63	lda $637e	        lda cmdbuf+5
.58f1	c9 53		cmp #$53	        cmp #$53                        ; 'S' -> TIME SYNC
.58f3	d0 03		bne $58f8	        bne _ct_show
.58f5	20 15 91	jsr $9115	        jsr NET_SYNC
.58f8					_ct_show:
.58f8	20 07 59	jsr $5907	        jsr fmt_time
.58fb	a9 b5		lda #$b5	        lda #<linebuf
.58fd	85 02		sta $02		        sta r0L
.58ff	a9 5f		lda #$5f	        lda #>linebuf
.5901	85 03		sta $03		        sta r0H
.5903	20 d2 55	jsr $55d2	        jsr setline
.5906	60		rts		        rts
.5907					fmt_time:
.5907	ad 21 91	lda $9121	        lda NET_STATE
.590a	f0 2e		beq $593a	        beq _ft_ok
.590c	a2 00		ldx #$00	        ldx #$00
.590e	bd 19 5f	lda $5f19,x	_ft_u:  lda msg_unsync,x
.5911	f0 06		beq $5919	        beq _ft_u2
.5913	9d b5 5f	sta $5fb5,x	        sta linebuf,x
.5916	e8		inx		        inx
.5917	d0 f5		bne $590e	        bne _ft_u
.5919	ac 21 91	ldy $9121	_ft_u2: ldy NET_STATE
.591c	c0 05		cpy #$05	        cpy #$05
.591e	90 02		bcc $5922	        bcc _ft_u3
.5920	a0 05		ldy #$05	        ldy #$05
.5922	b9 d4 5e	lda $5ed4,y	_ft_u3: lda tagL,y
.5925	85 02		sta $02		        sta r0L
.5927	b9 da 5e	lda $5eda,y	        lda tagH,y
.592a	85 03		sta $03		        sta r0H
.592c	a0 00		ldy #$00	        ldy #$00
.592e	b1 02		lda ($02),y	_ft_u4: lda (r0),y
.5930	9d b5 5f	sta $5fb5,x	        sta linebuf,x
.5933	f0 04		beq $5939	        beq _ft_r
.5935	e8		inx		        inx
.5936	c8		iny		        iny
.5937	d0 f5		bne $592e	        bne _ft_u4
.5939	60		rts		_ft_r:  rts
.593a	a2 00		ldx #$00	_ft_ok: ldx #$00
.593c	ad 0b dc	lda $dc0b	        lda TODHRS                      ; latches the TOD registers
.593f	48		pha		        pha
.5940	29 1f		and #$1f	        and #$1f
.5942	20 e1 59	jsr $59e1	        jsr put_bcd
.5945	a9 3a		lda #$3a	        lda #':'
.5947	9d b5 5f	sta $5fb5,x	        sta linebuf,x
.594a	e8		inx		        inx
.594b	ad 0a dc	lda $dc0a	        lda TODMIN
.594e	20 e1 59	jsr $59e1	        jsr put_bcd
.5951	a9 3a		lda #$3a	        lda #':'
.5953	9d b5 5f	sta $5fb5,x	        sta linebuf,x
.5956	e8		inx		        inx
.5957	ad 09 dc	lda $dc09	        lda TODSEC
.595a	20 e1 59	jsr $59e1	        jsr put_bcd
.595d	ad 08 dc	lda $dc08	        lda TODTEN                      ; releases them
.5960	a9 20		lda #$20	        lda #' '
.5962	9d b5 5f	sta $5fb5,x	        sta linebuf,x
.5965	e8		inx		        inx
.5966	68		pla		        pla
.5967	29 80		and #$80	        and #$80
.5969	f0 04		beq $596f	        beq _ft_am
.596b	a9 d0		lda #$d0	        lda #'P'
.596d	d0 02		bne $5971	        bne _ft_ap
.596f	a9 c1		lda #$c1	_ft_am: lda #'A'
.5971	9d b5 5f	sta $5fb5,x	_ft_ap: sta linebuf,x
.5974	e8		inx		        inx
.5975	a9 cd		lda #$cd	        lda #'M'
.5977	9d b5 5f	sta $5fb5,x	        sta linebuf,x
.597a	e8		inx		        inx
.597b	a9 20		lda #$20	        lda #' '
.597d	9d b5 5f	sta $5fb5,x	        sta linebuf,x
.5980	e8		inx		        inx
.5981	38		sec		        sec
.5982	ad 25 91	lda $9125	        lda NET_YEAR
.5985	e9 d0		sbc #$d0	        sbc #<2000
.5987	48		pha		        pha
.5988	ad 26 91	lda $9126	        lda NET_YEAR+1
.598b	e9 07		sbc #$07	        sbc #>2000
.598d	90 10		bcc $599f	        bcc _ft_19
.598f	a9 32		lda #$32	        lda #'2'
.5991	9d b5 5f	sta $5fb5,x	        sta linebuf,x
.5994	e8		inx		        inx
.5995	a9 30		lda #$30	        lda #'0'
.5997	9d b5 5f	sta $5fb5,x	        sta linebuf,x
.599a	e8		inx		        inx
.599b	68		pla		        pla
.599c	4c b1 59	jmp $59b1	        jmp _ft_y2
.599f	68		pla		_ft_19: pla
.59a0	18		clc		        clc
.59a1	69 64		adc #$64	        adc #100                        ; (y-2000)+100 = y-1900
.59a3	48		pha		        pha
.59a4	a9 31		lda #$31	        lda #'1'
.59a6	9d b5 5f	sta $5fb5,x	        sta linebuf,x
.59a9	e8		inx		        inx
.59aa	a9 39		lda #$39	        lda #'9'
.59ac	9d b5 5f	sta $5fb5,x	        sta linebuf,x
.59af	e8		inx		        inx
.59b0	68		pla		        pla
.59b1	20 f6 59	jsr $59f6	_ft_y2: jsr put_dec2
.59b4	a9 2f		lda #$2f	        lda #'/'
.59b6	9d b5 5f	sta $5fb5,x	        sta linebuf,x
.59b9	e8		inx		        inx
.59ba	ad 27 91	lda $9127	        lda NET_MON
.59bd	20 f6 59	jsr $59f6	        jsr put_dec2
.59c0	a9 2f		lda #$2f	        lda #'/'
.59c2	9d b5 5f	sta $5fb5,x	        sta linebuf,x
.59c5	e8		inx		        inx
.59c6	ad 28 91	lda $9128	        lda NET_DAY
.59c9	20 f6 59	jsr $59f6	        jsr put_dec2
.59cc	a9 20		lda #$20	        lda #' '
.59ce	9d b5 5f	sta $5fb5,x	        sta linebuf,x
.59d1	e8		inx		        inx
.59d2	a0 00		ldy #$00	        ldy #$00
.59d4	b9 e0 5e	lda $5ee0,y	_ft_t:  lda tag0,y
.59d7	9d b5 5f	sta $5fb5,x	        sta linebuf,x
.59da	f0 04		beq $59e0	        beq _ft_r2
.59dc	e8		inx		        inx
.59dd	c8		iny		        iny
.59de	d0 f4		bne $59d4	        bne _ft_t
.59e0	60		rts		_ft_r2: rts
.59e1					put_bcd:
.59e1	48		pha		        pha
.59e2	4a		lsr a		        lsr
.59e3	4a		lsr a		        lsr
.59e4	4a		lsr a		        lsr
.59e5	4a		lsr a		        lsr
.59e6	09 30		ora #$30	        ora #$30
.59e8	9d b5 5f	sta $5fb5,x	        sta linebuf,x
.59eb	e8		inx		        inx
.59ec	68		pla		        pla
.59ed	29 0f		and #$0f	        and #$0f
.59ef	09 30		ora #$30	        ora #$30
.59f1	9d b5 5f	sta $5fb5,x	        sta linebuf,x
.59f4	e8		inx		        inx
.59f5	60		rts		        rts
.59f6					put_dec2:
.59f6	a0 30		ldy #$30	        ldy #$30
.59f8	c9 0a		cmp #$0a	_pd_l:  cmp #10
.59fa	90 05		bcc $5a01	        bcc _pd_d
.59fc	e9 0a		sbc #$0a	        sbc #10
.59fe	c8		iny		        iny
.59ff	d0 f7		bne $59f8	        bne _pd_l
.5a01	48		pha		_pd_d:  pha
.5a02	98		tya		        tya
.5a03	9d b5 5f	sta $5fb5,x	        sta linebuf,x
.5a06	e8		inx		        inx
.5a07	68		pla		        pla
.5a08	09 30		ora #$30	        ora #$30
.5a0a	9d b5 5f	sta $5fb5,x	        sta linebuf,x
.5a0d	e8		inx		        inx
.5a0e	60		rts		        rts
.5a0f					cmd_ip:
.5a0f	20 00 91	jsr $9100	        jsr NET_PRESENT
.5a12	d0 0c		bne $5a20	        bne _ci_p
.5a14	a9 2a		lda #$2a	        lda #<msg_noult
.5a16	85 02		sta $02		        sta r0L
.5a18	a9 5f		lda #$5f	        lda #>msg_noult
.5a1a	85 03		sta $03		        sta r0H
.5a1c	20 d2 55	jsr $55d2	        jsr setline
.5a1f	60		rts		        rts
.5a20	20 06 91	jsr $9106	_ci_p:  jsr NET_GETIP
.5a23	d0 0c		bne $5a31	        bne _ci_ok
.5a25	a9 48		lda #$48	        lda #<msg_nonet
.5a27	85 02		sta $02		        sta r0L
.5a29	a9 5f		lda #$5f	        lda #>msg_nonet
.5a2b	85 03		sta $03		        sta r0H
.5a2d	20 d2 55	jsr $55d2	        jsr setline
.5a30	60		rts		        rts
.5a31	a2 00		ldx #$00	_ci_ok: ldx #$00
.5a33	bd 91 5f	lda $5f91,x	_ci_c1: lda p_ip,x
.5a36	f0 06		beq $5a3e	        beq _ci_c2
.5a38	9d b5 5f	sta $5fb5,x	        sta linebuf,x
.5a3b	e8		inx		        inx
.5a3c	d0 f5		bne $5a33	        bne _ci_c1
.5a3e	a0 00		ldy #$00	_ci_c2: ldy #$00
.5a40	b9 2f 91	lda $912f,y	_ci_c3: lda NET_IPSTR,y
.5a43	9d b5 5f	sta $5fb5,x	        sta linebuf,x
.5a46	f0 04		beq $5a4c	        beq _ci_d
.5a48	e8		inx		        inx
.5a49	c8		iny		        iny
.5a4a	d0 f4		bne $5a40	        bne _ci_c3
.5a4c	a9 b5		lda #$b5	_ci_d:  lda #<linebuf
.5a4e	85 02		sta $02		        sta r0L
.5a50	a9 5f		lda #$5f	        lda #>linebuf
.5a52	85 03		sta $03		        sta r0H
.5a54	20 d2 55	jsr $55d2	        jsr setline
.5a57	60		rts		        rts
.5a58					cmd_get:
.5a58	20 00 91	jsr $9100	        jsr NET_PRESENT
.5a5b	d0 0c		bne $5a69	        bne _cg_p
.5a5d	a9 2a		lda #$2a	        lda #<msg_noult
.5a5f	85 02		sta $02		        sta r0L
.5a61	a9 5f		lda #$5f	        lda #>msg_noult
.5a63	85 03		sta $03		        sta r0H
.5a65	20 d2 55	jsr $55d2	        jsr setline
.5a68	60		rts		        rts
.5a69	a2 04		ldx #$04	_cg_p:  ldx #$04
.5a6b	20 ba 53	jsr $53ba	        jsr sh_args2                    ; tokbuf = host, tok2buf = path
.5a6e	ad 99 63	lda $6399	        lda tokbuf
.5a71	d0 0c		bne $5a7f	        bne _cg_h
.5a73	a9 53		lda #$53	        lda #<msg_getargs
.5a75	85 02		sta $02		        sta r0L
.5a77	a9 5f		lda #$5f	        lda #>msg_getargs
.5a79	85 03		sta $03		        sta r0H
.5a7b	20 d2 55	jsr $55d2	        jsr setline
.5a7e	60		rts		        rts
.5a7f	ad 47 63	lda $6347	_cg_h:  lda tok2buf
.5a82	d0 0a		bne $5a8e	        bne _cg_ok
.5a84	a9 2f		lda #$2f	        lda #$2f                        ; missing path -> "/"
.5a86	8d 47 63	sta $6347	        sta tok2buf
.5a89	a9 00		lda #$00	        lda #$00
.5a8b	8d 48 63	sta $6348	        sta tok2buf+1
.5a8e	a2 00		ldx #$00	_cg_ok: ldx #$00
.5a90	bd 99 63	lda $6399,x	_cg_a1: lda tokbuf,x                    ; typed PETSCII -> ASCII
.5a93	f0 09		beq $5a9e	        beq _cg_a2
.5a95	20 9d 5e	jsr $5e9d	        jsr p2a
.5a98	9d 99 63	sta $6399,x	        sta tokbuf,x
.5a9b	e8		inx		        inx
.5a9c	d0 f2		bne $5a90	        bne _cg_a1
.5a9e	a2 00		ldx #$00	_cg_a2: ldx #$00
.5aa0	bd 47 63	lda $6347,x	_cg_a3: lda tok2buf,x
.5aa3	f0 09		beq $5aae	        beq _cg_a4
.5aa5	20 9d 5e	jsr $5e9d	        jsr p2a
.5aa8	9d 47 63	sta $6347,x	        sta tok2buf,x
.5aab	e8		inx		        inx
.5aac	d0 f2		bne $5aa0	        bne _cg_a3
.5aae	a9 63		lda #$63	_cg_a4: lda #<msg_conn
.5ab0	85 02		sta $02		        sta r0L
.5ab2	a9 5f		lda #$5f	        lda #>msg_conn
.5ab4	85 03		sta $03		        sta r0H
.5ab6	20 d2 55	jsr $55d2	        jsr setline                     ; "connecting..." while the Ultimate resolves
.5ab9	a9 99		lda #$99	        lda #<tokbuf
.5abb	85 02		sta $02		        sta r0L
.5abd	a9 63		lda #$63	        lda #>tokbuf
.5abf	85 03		sta $03		        sta r0H
.5ac1	a9 50		lda #$50	        lda #80
.5ac3	85 04		sta $04		        sta r1L
.5ac5	a9 00		lda #$00	        lda #$00
.5ac7	85 05		sta $05		        sta r1H
.5ac9	a9 07		lda #$07	        lda #$07                        ; tcp
.5acb	20 09 91	jsr $9109	        jsr NET_OPEN
.5ace	90 31		bcc $5b01	        bcc _cg_open
.5ad0	a2 00		ldx #$00	        ldx #$00
.5ad2	bd 71 5f	lda $5f71,x	_cg_f1: lda msg_openf,x
.5ad5	f0 06		beq $5add	        beq _cg_f2
.5ad7	9d b5 5f	sta $5fb5,x	        sta linebuf,x
.5ada	e8		inx		        inx
.5adb	d0 f5		bne $5ad2	        bne _cg_f1
.5add	a0 00		ldy #$00	_cg_f2: ldy #$00
.5adf	b9 42 91	lda $9142,y	_cg_f3: lda NET_STAT,y
.5ae2	f0 0c		beq $5af0	        beq _cg_f4
.5ae4	20 b3 5e	jsr $5eb3	        jsr a2p
.5ae7	9d b5 5f	sta $5fb5,x	        sta linebuf,x
.5aea	e8		inx		        inx
.5aeb	c8		iny		        iny
.5aec	e0 2c		cpx #$2c	        cpx #44
.5aee	d0 ef		bne $5adf	        bne _cg_f3
.5af0	a9 00		lda #$00	_cg_f4: lda #$00
.5af2	9d b5 5f	sta $5fb5,x	        sta linebuf,x
.5af5	a9 b5		lda #$b5	        lda #<linebuf
.5af7	85 02		sta $02		        sta r0L
.5af9	a9 5f		lda #$5f	        lda #>linebuf
.5afb	85 03		sta $03		        sta r0H
.5afd	20 d2 55	jsr $55d2	        jsr setline
.5b00	60		rts		        rts
.5b01					_cg_open:
.5b01	a9 00		lda #$00	        lda #$00
.5b03	8d b2 5f	sta $5fb2	        sta rqi
.5b06	a9 96		lda #$96	        lda #<p_get
.5b08	85 02		sta $02		        sta r0L
.5b0a	a9 5f		lda #$5f	        lda #>p_get
.5b0c	85 03		sta $03		        sta r0H
.5b0e	20 37 5e	jsr $5e37	        jsr rq_app
.5b11	a9 47		lda #$47	        lda #<tok2buf
.5b13	85 02		sta $02		        sta r0L
.5b15	a9 63		lda #$63	        lda #>tok2buf
.5b17	85 03		sta $03		        sta r0H
.5b19	20 37 5e	jsr $5e37	        jsr rq_app
.5b1c	a9 9b		lda #$9b	        lda #<p_http
.5b1e	85 02		sta $02		        sta r0L
.5b20	a9 5f		lda #$5f	        lda #>p_http
.5b22	85 03		sta $03		        sta r0H
.5b24	20 37 5e	jsr $5e37	        jsr rq_app
.5b27	a9 99		lda #$99	        lda #<tokbuf
.5b29	85 02		sta $02		        sta r0L
.5b2b	a9 63		lda #$63	        lda #>tokbuf
.5b2d	85 03		sta $03		        sta r0H
.5b2f	20 37 5e	jsr $5e37	        jsr rq_app
.5b32	a9 ad		lda #$ad	        lda #<p_crlf2
.5b34	85 02		sta $02		        sta r0L
.5b36	a9 5f		lda #$5f	        lda #>p_crlf2
.5b38	85 03		sta $03		        sta r0H
.5b3a	20 37 5e	jsr $5e37	        jsr rq_app
.5b3d	a9 35		lda #$35	        lda #<reqbuf
.5b3f	85 02		sta $02		        sta r0L
.5b41	a9 60		lda #$60	        lda #>reqbuf
.5b43	85 03		sta $03		        sta r0H
.5b45	ae b2 5f	ldx $5fb2	        ldx rqi
.5b48	ad 41 91	lda $9141	        lda NET_SOCK
.5b4b	20 12 91	jsr $9112	        jsr NET_WRITE
.5b4e	a9 32		lda #$32	        lda #50                         ; up to 2 s for the first bytes
.5b50	8d b3 5f	sta $5fb3	        sta tries
.5b53	a9 f4		lda #$f4	_cg_rd: lda #<500
.5b55	85 04		sta $04		        sta r1L
.5b57	a9 01		lda #$01	        lda #>500
.5b59	85 05		sta $05		        sta r1H
.5b5b	ad 41 91	lda $9141	        lda NET_SOCK
.5b5e	20 0f 91	jsr $910f	        jsr NET_READ
.5b61	c9 00		cmp #$00	        cmp #$00
.5b63	f0 1b		beq $5b80	        beq _cg_got
.5b65	c9 01		cmp #$01	        cmp #$01
.5b67	d0 05		bne $5b6e	        bne _cg_none
.5b69	ce b3 5f	dec $5fb3	        dec tries
.5b6c	d0 e5		bne $5b53	        bne _cg_rd
.5b6e					_cg_none:
.5b6e	ad 41 91	lda $9141	        lda NET_SOCK
.5b71	20 0c 91	jsr $910c	        jsr NET_CLOSE
.5b74	a9 7f		lda #$7f	        lda #<msg_nodata
.5b76	85 02		sta $02		        sta r0L
.5b78	a9 5f		lda #$5f	        lda #>msg_nodata
.5b7a	85 03		sta $03		        sta r0H
.5b7c	20 d2 55	jsr $55d2	        jsr setline
.5b7f	60		rts		        rts
.5b80					_cg_got:
.5b80	ad 3f 91	lda $913f	        lda NET_LEN                     ; terminate the payload
.5b83	85 02		sta $02		        sta r0L
.5b85	ad 40 91	lda $9140	        lda NET_LEN+1
.5b88	85 03		sta $03		        sta r0H
.5b8a	18		clc		        clc
.5b8b	a5 02		lda $02		        lda r0L
.5b8d	69 02		adc #$02	        adc #<(NET_DATA+2)
.5b8f	85 02		sta $02		        sta r0L
.5b91	a5 03		lda $03		        lda r0H
.5b93	69 88		adc #$88	        adc #>(NET_DATA+2)
.5b95	85 03		sta $03		        sta r0H
.5b97	a0 00		ldy #$00	        ldy #$00
.5b99	a9 00		lda #$00	        lda #$00
.5b9b	91 02		sta ($02),y	        sta (r0),y
.5b9d	a9 02		lda #$02	        lda #<(NET_DATA+2)
.5b9f	85 4c		sta $4c		        sta gp
.5ba1	a9 88		lda #$88	        lda #>(NET_DATA+2)
.5ba3	85 4d		sta $4d		        sta gp+1
.5ba5	20 4d 5e	jsr $5e4d	        jsr next_line                   ; -> linebuf (40) + vdline (78)
.5ba8	a9 b5		lda #$b5	        lda #<linebuf
.5baa	85 02		sta $02		        sta r0L
.5bac	a9 5f		lda #$5f	        lda #>linebuf
.5bae	85 03		sta $03		        sta r0H
.5bb0	20 d2 55	jsr $55d2	        jsr setline
.5bb3	20 99 5c	jsr $5c99	        jsr rows_wipe
.5bb6	a9 01		lda #$01	        lda #$01
.5bb8	8d b4 5f	sta $5fb4	        sta dirty
.5bbb	a9 00		lda #$00	        lda #$00
.5bbd	85 42		sta $42		        sta rowi
.5bbf	20 c9 5b	jsr $5bc9	        jsr show_body
.5bc2	ad 41 91	lda $9141	        lda NET_SOCK
.5bc5	20 0c 91	jsr $910c	        jsr NET_CLOSE                   ; one chunk is what we show
.5bc8	60		rts		        rts
.5bc9					show_body:
.5bc9	20 4d 5e	jsr $5e4d	_sb_ln: jsr next_line
.5bcc	b0 36		bcs $5c04	        bcs _sb_done                    ; end of data
.5bce	a9 18		lda #$18	        lda #COL_X
.5bd0	85 02		sta $02		        sta X1
.5bd2	a9 00		lda #$00	        lda #$00
.5bd4	85 03		sta $03		        sta X1+1
.5bd6	a9 28		lda #$28	        lda #TOP_Y
.5bd8	85 04		sta $04		        sta Y1
.5bda	a5 42		lda $42		        lda rowi
.5bdc	20 35 57	jsr $5735	        jsr addrowy
.5bdf	a9 b5		lda #$b5	        lda #<linebuf
.5be1	85 14		sta $14		        sta r9L
.5be3	a9 5f		lda #$5f	        lda #>linebuf
.5be5	85 15		sta $15		        sta r9H
.5be7	20 1e c0	jsr $c01e	        jsr GPUTS
.5bea	a9 e5		lda #$e5	        lda #<vdline
.5bec	85 14		sta $14		        sta r9L
.5bee	a9 5f		lda #$5f	        lda #>vdline
.5bf0	85 15		sta $15		        sta r9H
.5bf2	a5 42		lda $42		        lda rowi
.5bf4	18		clc		        clc
.5bf5	69 09		adc #$09	        adc #$09
.5bf7	a2 02		ldx #$02	        ldx #$02
.5bf9	20 35 08	jsr $0835	        jsr VDTEXT
.5bfc	e6 42		inc $42		        inc rowi
.5bfe	a5 42		lda $42		        lda rowi
.5c00	c9 08		cmp #$08	        cmp #$08
.5c02	d0 c5		bne $5bc9	        bne _sb_ln
.5c04					_sb_done:
.5c04	60		rts		        rts
.5c05					cmd_cat:
.5c05	20 95 53	jsr $5395	        jsr sh_argbuf
.5c08	ad 99 63	lda $6399	        lda tokbuf
.5c0b	d0 03		bne $5c10	        bne _cat_go
.5c0d	4c 62 53	jmp $5362	        jmp sp_unk_msg                  ; no filename
.5c10					_cat_go:
.5c10	a0 00		ldy #$00	        ldy #$00
.5c12					_cat_len:
.5c12	b9 99 63	lda $6399,y	        lda tokbuf,y
.5c15	f0 05		beq $5c1c	        beq _cat_l2
.5c17	c8		iny		        iny
.5c18	c0 10		cpy #$10	        cpy #16
.5c1a	d0 f6		bne $5c12	        bne _cat_len
.5c1c					_cat_l2:
.5c1c	98		tya		        tya
.5c1d	a2 99		ldx #$99	        ldx #<tokbuf
.5c1f	a0 63		ldy #$63	        ldy #>tokbuf
.5c21	20 bd ff	jsr $ffbd	        jsr SETNAM
.5c24	a9 05		lda #$05	        lda #$05
.5c26	a6 ba		ldx $ba		        ldx $ba                         ; last-used device (8)
.5c28	a0 00		ldy #$00	        ldy #$00
.5c2a	20 ba ff	jsr $ffba	        jsr SETLFS
.5c2d	20 c0 ff	jsr $ffc0	        jsr OPEN
.5c30	a2 05		ldx #$05	        ldx #$05
.5c32	20 c6 ff	jsr $ffc6	        jsr CHKIN
.5c35	a9 b5		lda #$b5	        lda #<catbuf
.5c37	85 4c		sta $4c		        sta gp
.5c39	a9 60		lda #$60	        lda #>catbuf
.5c3b	85 4d		sta $4d		        sta gp+1
.5c3d	a9 00		lda #$00	        lda #$00
.5c3f	8d b6 62	sta $62b6	        sta catn
.5c42	8d b7 62	sta $62b7	        sta catn+1
.5c45					_cat_rd:
.5c45	20 b7 ff	jsr $ffb7	        jsr READST                      ; check BEFORE the read (dirscan order)
.5c48	29 40		and #$40	        and #$40
.5c4a	d0 1c		bne $5c68	        bne _cat_eof
.5c4c	20 cf ff	jsr $ffcf	        jsr CHRIN
.5c4f	a0 00		ldy #$00	        ldy #$00
.5c51	91 4c		sta ($4c),y	        sta (gp),y
.5c53	e6 4c		inc $4c		        inc gp
.5c55	d0 02		bne $5c59	        bne _cat_i1
.5c57	e6 4d		inc $4d		        inc gp+1
.5c59					_cat_i1:
.5c59	ee b6 62	inc $62b6	        inc catn
.5c5c	d0 03		bne $5c61	        bne _cat_i2
.5c5e	ee b7 62	inc $62b7	        inc catn+1
.5c61					_cat_i2:
.5c61	ad b7 62	lda $62b7	        lda catn+1
.5c64	c9 02		cmp #$02	        cmp #$02                        ; cap at 512 bytes
.5c66	d0 dd		bne $5c45	        bne _cat_rd
.5c68					_cat_eof:
.5c68	a0 00		ldy #$00	        ldy #$00
.5c6a	a9 00		lda #$00	        lda #$00
.5c6c	91 4c		sta ($4c),y	        sta (gp),y                      ; terminate for next_line
.5c6e	20 cc ff	jsr $ffcc	        jsr CLRCHN
.5c71	a9 05		lda #$05	        lda #$05
.5c73	20 c3 ff	jsr $ffc3	        jsr CLOSE
.5c76	a9 99		lda #$99	        lda #<tokbuf                    ; filename on the response line
.5c78	85 02		sta $02		        sta r0L
.5c7a	a9 63		lda #$63	        lda #>tokbuf
.5c7c	85 03		sta $03		        sta r0H
.5c7e	20 d2 55	jsr $55d2	        jsr setline
.5c81	20 99 5c	jsr $5c99	        jsr rows_wipe
.5c84	a9 01		lda #$01	        lda #$01
.5c86	8d b4 5f	sta $5fb4	        sta dirty
.5c89	a9 00		lda #$00	        lda #$00
.5c8b	85 42		sta $42		        sta rowi
.5c8d	a9 b5		lda #$b5	        lda #<catbuf
.5c8f	85 4c		sta $4c		        sta gp
.5c91	a9 60		lda #$60	        lda #>catbuf
.5c93	85 4d		sta $4d		        sta gp+1
.5c95	20 c9 5b	jsr $5bc9	        jsr show_body
.5c98	60		rts		        rts
.5c99					rows_wipe:
=0					    exploc      := 0
=5					    firstrow    := 40 / 8
=19					    lastrow     := (40 + 120 - 1) / 8
=0					    row         := 0
=3					    col         := (24 / 8)
=37					    lastcol     := ((24 + 272 - 1) / 8) + 1
=272					    memsz       := (lastcol - col) * 8
=42584					        memloc := BITMAP_START + (row * 320) + (col * 8)
.5c99	a9 58		lda #$58	        lda #<memloc
.5c9b	85 02		sta $02		        sta r0L
.5c9d	a9 a6		lda #$a6	        lda #>memloc
.5c9f	85 03		sta $03		        sta r0H
.5ca1	a9 00		lda #$00	        lda #<exploc
.5ca3	85 04		sta $04		        sta r1L
.5ca5	a9 00		lda #$00	        lda #>exploc
.5ca7	85 05		sta $05		        sta r1H
.5ca9	a9 10		lda #$10	        lda #<memsz
.5cab	85 06		sta $06		        sta r2L
.5cad	a9 01		lda #$01	        lda #>memsz
.5caf	85 07		sta $07		        sta r2H
.5cb1	20 20 08	jsr $0820	        jsr CLR_RECT
=273					        exploc := exploc + memsz + 1
=42904					        memloc := BITMAP_START + (row * 320) + (col * 8)
.5cb4	a9 98		lda #$98	        lda #<memloc
.5cb6	85 02		sta $02		        sta r0L
.5cb8	a9 a7		lda #$a7	        lda #>memloc
.5cba	85 03		sta $03		        sta r0H
.5cbc	a9 11		lda #$11	        lda #<exploc
.5cbe	85 04		sta $04		        sta r1L
.5cc0	a9 01		lda #$01	        lda #>exploc
.5cc2	85 05		sta $05		        sta r1H
.5cc4	a9 10		lda #$10	        lda #<memsz
.5cc6	85 06		sta $06		        sta r2L
.5cc8	a9 01		lda #$01	        lda #>memsz
.5cca	85 07		sta $07		        sta r2H
.5ccc	20 20 08	jsr $0820	        jsr CLR_RECT
=546					        exploc := exploc + memsz + 1
=43224					        memloc := BITMAP_START + (row * 320) + (col * 8)
.5ccf	a9 d8		lda #$d8	        lda #<memloc
.5cd1	85 02		sta $02		        sta r0L
.5cd3	a9 a8		lda #$a8	        lda #>memloc
.5cd5	85 03		sta $03		        sta r0H
.5cd7	a9 22		lda #$22	        lda #<exploc
.5cd9	85 04		sta $04		        sta r1L
.5cdb	a9 02		lda #$02	        lda #>exploc
.5cdd	85 05		sta $05		        sta r1H
.5cdf	a9 10		lda #$10	        lda #<memsz
.5ce1	85 06		sta $06		        sta r2L
.5ce3	a9 01		lda #$01	        lda #>memsz
.5ce5	85 07		sta $07		        sta r2H
.5ce7	20 20 08	jsr $0820	        jsr CLR_RECT
=819					        exploc := exploc + memsz + 1
=43544					        memloc := BITMAP_START + (row * 320) + (col * 8)
.5cea	a9 18		lda #$18	        lda #<memloc
.5cec	85 02		sta $02		        sta r0L
.5cee	a9 aa		lda #$aa	        lda #>memloc
.5cf0	85 03		sta $03		        sta r0H
.5cf2	a9 33		lda #$33	        lda #<exploc
.5cf4	85 04		sta $04		        sta r1L
.5cf6	a9 03		lda #$03	        lda #>exploc
.5cf8	85 05		sta $05		        sta r1H
.5cfa	a9 10		lda #$10	        lda #<memsz
.5cfc	85 06		sta $06		        sta r2L
.5cfe	a9 01		lda #$01	        lda #>memsz
.5d00	85 07		sta $07		        sta r2H
.5d02	20 20 08	jsr $0820	        jsr CLR_RECT
=1092					        exploc := exploc + memsz + 1
=43864					        memloc := BITMAP_START + (row * 320) + (col * 8)
.5d05	a9 58		lda #$58	        lda #<memloc
.5d07	85 02		sta $02		        sta r0L
.5d09	a9 ab		lda #$ab	        lda #>memloc
.5d0b	85 03		sta $03		        sta r0H
.5d0d	a9 44		lda #$44	        lda #<exploc
.5d0f	85 04		sta $04		        sta r1L
.5d11	a9 04		lda #$04	        lda #>exploc
.5d13	85 05		sta $05		        sta r1H
.5d15	a9 10		lda #$10	        lda #<memsz
.5d17	85 06		sta $06		        sta r2L
.5d19	a9 01		lda #$01	        lda #>memsz
.5d1b	85 07		sta $07		        sta r2H
.5d1d	20 20 08	jsr $0820	        jsr CLR_RECT
=1365					        exploc := exploc + memsz + 1
=44184					        memloc := BITMAP_START + (row * 320) + (col * 8)
.5d20	a9 98		lda #$98	        lda #<memloc
.5d22	85 02		sta $02		        sta r0L
.5d24	a9 ac		lda #$ac	        lda #>memloc
.5d26	85 03		sta $03		        sta r0H
.5d28	a9 55		lda #$55	        lda #<exploc
.5d2a	85 04		sta $04		        sta r1L
.5d2c	a9 05		lda #$05	        lda #>exploc
.5d2e	85 05		sta $05		        sta r1H
.5d30	a9 10		lda #$10	        lda #<memsz
.5d32	85 06		sta $06		        sta r2L
.5d34	a9 01		lda #$01	        lda #>memsz
.5d36	85 07		sta $07		        sta r2H
.5d38	20 20 08	jsr $0820	        jsr CLR_RECT
=1638					        exploc := exploc + memsz + 1
=44504					        memloc := BITMAP_START + (row * 320) + (col * 8)
.5d3b	a9 d8		lda #$d8	        lda #<memloc
.5d3d	85 02		sta $02		        sta r0L
.5d3f	a9 ad		lda #$ad	        lda #>memloc
.5d41	85 03		sta $03		        sta r0H
.5d43	a9 66		lda #$66	        lda #<exploc
.5d45	85 04		sta $04		        sta r1L
.5d47	a9 06		lda #$06	        lda #>exploc
.5d49	85 05		sta $05		        sta r1H
.5d4b	a9 10		lda #$10	        lda #<memsz
.5d4d	85 06		sta $06		        sta r2L
.5d4f	a9 01		lda #$01	        lda #>memsz
.5d51	85 07		sta $07		        sta r2H
.5d53	20 20 08	jsr $0820	        jsr CLR_RECT
=1911					        exploc := exploc + memsz + 1
=44824					        memloc := BITMAP_START + (row * 320) + (col * 8)
.5d56	a9 18		lda #$18	        lda #<memloc
.5d58	85 02		sta $02		        sta r0L
.5d5a	a9 af		lda #$af	        lda #>memloc
.5d5c	85 03		sta $03		        sta r0H
.5d5e	a9 77		lda #$77	        lda #<exploc
.5d60	85 04		sta $04		        sta r1L
.5d62	a9 07		lda #$07	        lda #>exploc
.5d64	85 05		sta $05		        sta r1H
.5d66	a9 10		lda #$10	        lda #<memsz
.5d68	85 06		sta $06		        sta r2L
.5d6a	a9 01		lda #$01	        lda #>memsz
.5d6c	85 07		sta $07		        sta r2H
.5d6e	20 20 08	jsr $0820	        jsr CLR_RECT
=2184					        exploc := exploc + memsz + 1
=45144					        memloc := BITMAP_START + (row * 320) + (col * 8)
.5d71	a9 58		lda #$58	        lda #<memloc
.5d73	85 02		sta $02		        sta r0L
.5d75	a9 b0		lda #$b0	        lda #>memloc
.5d77	85 03		sta $03		        sta r0H
.5d79	a9 88		lda #$88	        lda #<exploc
.5d7b	85 04		sta $04		        sta r1L
.5d7d	a9 08		lda #$08	        lda #>exploc
.5d7f	85 05		sta $05		        sta r1H
.5d81	a9 10		lda #$10	        lda #<memsz
.5d83	85 06		sta $06		        sta r2L
.5d85	a9 01		lda #$01	        lda #>memsz
.5d87	85 07		sta $07		        sta r2H
.5d89	20 20 08	jsr $0820	        jsr CLR_RECT
=2457					        exploc := exploc + memsz + 1
=45464					        memloc := BITMAP_START + (row * 320) + (col * 8)
.5d8c	a9 98		lda #$98	        lda #<memloc
.5d8e	85 02		sta $02		        sta r0L
.5d90	a9 b1		lda #$b1	        lda #>memloc
.5d92	85 03		sta $03		        sta r0H
.5d94	a9 99		lda #$99	        lda #<exploc
.5d96	85 04		sta $04		        sta r1L
.5d98	a9 09		lda #$09	        lda #>exploc
.5d9a	85 05		sta $05		        sta r1H
.5d9c	a9 10		lda #$10	        lda #<memsz
.5d9e	85 06		sta $06		        sta r2L
.5da0	a9 01		lda #$01	        lda #>memsz
.5da2	85 07		sta $07		        sta r2H
.5da4	20 20 08	jsr $0820	        jsr CLR_RECT
=2730					        exploc := exploc + memsz + 1
=45784					        memloc := BITMAP_START + (row * 320) + (col * 8)
.5da7	a9 d8		lda #$d8	        lda #<memloc
.5da9	85 02		sta $02		        sta r0L
.5dab	a9 b2		lda #$b2	        lda #>memloc
.5dad	85 03		sta $03		        sta r0H
.5daf	a9 aa		lda #$aa	        lda #<exploc
.5db1	85 04		sta $04		        sta r1L
.5db3	a9 0a		lda #$0a	        lda #>exploc
.5db5	85 05		sta $05		        sta r1H
.5db7	a9 10		lda #$10	        lda #<memsz
.5db9	85 06		sta $06		        sta r2L
.5dbb	a9 01		lda #$01	        lda #>memsz
.5dbd	85 07		sta $07		        sta r2H
.5dbf	20 20 08	jsr $0820	        jsr CLR_RECT
=3003					        exploc := exploc + memsz + 1
=46104					        memloc := BITMAP_START + (row * 320) + (col * 8)
.5dc2	a9 18		lda #$18	        lda #<memloc
.5dc4	85 02		sta $02		        sta r0L
.5dc6	a9 b4		lda #$b4	        lda #>memloc
.5dc8	85 03		sta $03		        sta r0H
.5dca	a9 bb		lda #$bb	        lda #<exploc
.5dcc	85 04		sta $04		        sta r1L
.5dce	a9 0b		lda #$0b	        lda #>exploc
.5dd0	85 05		sta $05		        sta r1H
.5dd2	a9 10		lda #$10	        lda #<memsz
.5dd4	85 06		sta $06		        sta r2L
.5dd6	a9 01		lda #$01	        lda #>memsz
.5dd8	85 07		sta $07		        sta r2H
.5dda	20 20 08	jsr $0820	        jsr CLR_RECT
=3276					        exploc := exploc + memsz + 1
=46424					        memloc := BITMAP_START + (row * 320) + (col * 8)
.5ddd	a9 58		lda #$58	        lda #<memloc
.5ddf	85 02		sta $02		        sta r0L
.5de1	a9 b5		lda #$b5	        lda #>memloc
.5de3	85 03		sta $03		        sta r0H
.5de5	a9 cc		lda #$cc	        lda #<exploc
.5de7	85 04		sta $04		        sta r1L
.5de9	a9 0c		lda #$0c	        lda #>exploc
.5deb	85 05		sta $05		        sta r1H
.5ded	a9 10		lda #$10	        lda #<memsz
.5def	85 06		sta $06		        sta r2L
.5df1	a9 01		lda #$01	        lda #>memsz
.5df3	85 07		sta $07		        sta r2H
.5df5	20 20 08	jsr $0820	        jsr CLR_RECT
=3549					        exploc := exploc + memsz + 1
=46744					        memloc := BITMAP_START + (row * 320) + (col * 8)
.5df8	a9 98		lda #$98	        lda #<memloc
.5dfa	85 02		sta $02		        sta r0L
.5dfc	a9 b6		lda #$b6	        lda #>memloc
.5dfe	85 03		sta $03		        sta r0H
.5e00	a9 dd		lda #$dd	        lda #<exploc
.5e02	85 04		sta $04		        sta r1L
.5e04	a9 0d		lda #$0d	        lda #>exploc
.5e06	85 05		sta $05		        sta r1H
.5e08	a9 10		lda #$10	        lda #<memsz
.5e0a	85 06		sta $06		        sta r2L
.5e0c	a9 01		lda #$01	        lda #>memsz
.5e0e	85 07		sta $07		        sta r2H
.5e10	20 20 08	jsr $0820	        jsr CLR_RECT
=3822					        exploc := exploc + memsz + 1
=47064					        memloc := BITMAP_START + (row * 320) + (col * 8)
.5e13	a9 d8		lda #$d8	        lda #<memloc
.5e15	85 02		sta $02		        sta r0L
.5e17	a9 b7		lda #$b7	        lda #>memloc
.5e19	85 03		sta $03		        sta r0H
.5e1b	a9 ee		lda #$ee	        lda #<exploc
.5e1d	85 04		sta $04		        sta r1L
.5e1f	a9 0e		lda #$0e	        lda #>exploc
.5e21	85 05		sta $05		        sta r1H
.5e23	a9 10		lda #$10	        lda #<memsz
.5e25	85 06		sta $06		        sta r2L
.5e27	a9 01		lda #$01	        lda #>memsz
.5e29	85 07		sta $07		        sta r2H
.5e2b	20 20 08	jsr $0820	        jsr CLR_RECT
=4095					        exploc := exploc + memsz + 1
.5e2e	a9 00		lda #$00	        lda #$00
.5e30	8d b4 5f	sta $5fb4	        sta dirty
.5e33	8d 76 64	sta $6476	        sta painted
.5e36	60		rts		        rts
.5e37	ae b2 5f	ldx $5fb2	rq_app: ldx rqi
.5e3a	a0 00		ldy #$00	        ldy #$00
.5e3c	b1 02		lda ($02),y	_rq_l:  lda (r0),y
.5e3e	f0 09		beq $5e49	        beq _rq_d
.5e40	9d 35 60	sta $6035,x	        sta reqbuf,x
.5e43	e8		inx		        inx
.5e44	c8		iny		        iny
.5e45	e0 78		cpx #$78	        cpx #120
.5e47	d0 f3		bne $5e3c	        bne _rq_l
.5e49	8e b2 5f	stx $5fb2	_rq_d:  stx rqi
.5e4c	60		rts		        rts
.5e4d					next_line:
.5e4d	a0 00		ldy #$00	        ldy #$00
.5e4f	b1 4c		lda ($4c),y	        lda (gp),y
.5e51	d0 02		bne $5e55	        bne _nl_go
.5e53	38		sec		        sec
.5e54	60		rts		        rts
.5e55	a2 00		ldx #$00	_nl_go: ldx #$00
.5e57	b1 4c		lda ($4c),y	_nl_l:  lda (gp),y
.5e59	f0 23		beq $5e7e	        beq _nl_e
.5e5b	c9 0a		cmp #$0a	        cmp #$0a
.5e5d	f0 1f		beq $5e7e	        beq _nl_e
.5e5f	c9 0d		cmp #$0d	        cmp #$0d
.5e61	f0 18		beq $5e7b	        beq _nl_s
.5e63	c9 09		cmp #$09	        cmp #$09
.5e65	d0 02		bne $5e69	        bne _nl_c
.5e67	a9 20		lda #$20	        lda #$20
.5e69	20 b3 5e	jsr $5eb3	_nl_c:  jsr a2p
.5e6c	e0 4e		cpx #$4e	        cpx #78
.5e6e	b0 0b		bcs $5e7b	        bcs _nl_s
.5e70	9d e5 5f	sta $5fe5,x	        sta vdline,x
.5e73	e0 28		cpx #$28	        cpx #40
.5e75	b0 03		bcs $5e7a	        bcs _nl_x
.5e77	9d b5 5f	sta $5fb5,x	        sta linebuf,x
.5e7a	e8		inx		_nl_x:  inx
.5e7b	c8		iny		_nl_s:  iny
.5e7c	d0 d9		bne $5e57	        bne _nl_l
.5e7e	a9 00		lda #$00	_nl_e:  lda #$00
.5e80	9d e5 5f	sta $5fe5,x	        sta vdline,x
.5e83	e0 28		cpx #$28	        cpx #40
.5e85	90 02		bcc $5e89	        bcc _nl_t
.5e87	a2 28		ldx #$28	        ldx #40
.5e89	9d b5 5f	sta $5fb5,x	_nl_t:  sta linebuf,x
.5e8c	b1 4c		lda ($4c),y	        lda (gp),y
.5e8e	f0 01		beq $5e91	        beq _nl_adv
.5e90	c8		iny		        iny
.5e91					_nl_adv:
.5e91	98		tya		        tya
.5e92	18		clc		        clc
.5e93	65 4c		adc $4c		        adc gp
.5e95	85 4c		sta $4c		        sta gp
.5e97	90 02		bcc $5e9b	        bcc _nl_r
.5e99	e6 4d		inc $4d		        inc gp+1
.5e9b	18		clc		_nl_r:  clc
.5e9c	60		rts		        rts
.5e9d	c9 41		cmp #$41	p2a:    cmp #$41
.5e9f	90 11		bcc $5eb2	        bcc _p2a_r
.5ea1	c9 5b		cmp #$5b	        cmp #$5b
.5ea3	b0 03		bcs $5ea8	        bcs _p2a_u
.5ea5	09 20		ora #$20	        ora #$20
.5ea7	60		rts		        rts
.5ea8	c9 c1		cmp #$c1	_p2a_u: cmp #$c1
.5eaa	90 06		bcc $5eb2	        bcc _p2a_r
.5eac	c9 db		cmp #$db	        cmp #$db
.5eae	b0 02		bcs $5eb2	        bcs _p2a_r
.5eb0	29 7f		and #$7f	        and #$7f
.5eb2	60		rts		_p2a_r: rts
.5eb3	c9 20		cmp #$20	a2p:    cmp #$20
.5eb5	90 1a		bcc $5ed1	        bcc _a2p_dot
.5eb7	c9 7f		cmp #$7f	        cmp #$7f
.5eb9	b0 16		bcs $5ed1	        bcs _a2p_dot
.5ebb	c9 61		cmp #$61	        cmp #$61
.5ebd	90 07		bcc $5ec6	        bcc _a2p_up
.5ebf	c9 7b		cmp #$7b	        cmp #$7b
.5ec1	b0 0d		bcs $5ed0	        bcs _a2p_r
.5ec3	29 df		and #$df	        and #$df
.5ec5	60		rts		        rts
.5ec6					_a2p_up:
.5ec6	c9 41		cmp #$41	        cmp #$41
.5ec8	90 06		bcc $5ed0	        bcc _a2p_r
.5eca	c9 5b		cmp #$5b	        cmp #$5b
.5ecc	b0 02		bcs $5ed0	        bcs _a2p_r
.5ece	09 80		ora #$80	        ora #$80
.5ed0	60		rts		_a2p_r: rts
.5ed1					_a2p_dot:
.5ed1	a9 2e		lda #$2e	        lda #$2e
.5ed3	60		rts		        rts
>5ed4	e0 e4 ed f8 04 10		tagL:   .byte <tag0, <tag1, <tag2, <tag3, <tag4, <tag5
>5eda	5e 5e 5e 5e 5f 5f		tagH:   .byte >tag0, >tag1, >tag2, >tag3, >tag4, >tag5
>5ee0	4e 54 50 00			tag0:   .text "ntp", 0
>5ee4	4e 4f 20 52 45 50 4c 59		tag1:   .text "no reply", 0
>5eec	00
>5eed	4e 4f 20 4e 45 54 57 4f		tag2:   .text "no network", 0
>5ef5	52 4b 00
>5ef8	4e 4f 20 55 4c 54 49 4d		tag3:   .text "no ultimate", 0
>5f00	41 54 45 00
>5f04	4e 4f 20 4e 54 50 20 48		tag4:   .text "no ntp host", 0
>5f0c	4f 53 54 00
>5f10	55 4e 53 59 4e 43 45 44		tag5:   .text "unsynced", 0
>5f18	00
>5f19	43 4c 4f 43 4b 20 55 4e		msg_unsync: .text "clock unsynced: ", 0
>5f21	53 59 4e 43 45 44 3a 20 00
>5f2a	4e 4f 20 55 4c 54 49 4d		msg_noult:  .text "no ultimate command interface", 0
>5f32	41 54 45 20 43 4f 4d 4d 41 4e 44 20 49 4e 54 45
>5f42	52 46 41 43 45 00
>5f48	4e 4f 20 4e 45 54 57 4f		msg_nonet:  .text "no network", 0
>5f50	52 4b 00
>5f53	4e 45 45 44 3a 20 48 4f		msg_getargs: .text "need: host path", 0
>5f5b	53 54 20 50 41 54 48 00
>5f63	43 4f 4e 4e 45 43 54 49		msg_conn:   .text "connecting...", 0
>5f6b	4e 47 2e 2e 2e 00
>5f71	4f 50 45 4e 20 46 41 49		msg_openf:  .text "open failed: ", 0
>5f79	4c 45 44 3a 20 00
>5f7f	4e 4f 20 44 41 54 41 20		msg_nodata: .text "no data from host", 0
>5f87	46 52 4f 4d 20 48 4f 53 54 00
>5f91	49 50 3a 20 00			p_ip:       .text "ip: ", 0
>5f96	47 45 54 20 00			p_get:   .byte $47,$45,$54,$20,$00                              ; "GET "
>5f9b	20 48 54 54 50 2f 31 2e		p_http:  .byte $20,$48,$54,$54,$50,$2f,$31,$2e,$30,$0d,$0a       ; " HTTP/1.0\r\n"
>5fa3	30 0d 0a
>5fa6	48 6f 73 74 3a 20 00		         .byte $48,$6f,$73,$74,$3a,$20,$00                       ; "Host: "
>5fad	0d 0a 0d 0a 00			p_crlf2: .byte $0d,$0a,$0d,$0a,$00
>5fb2	00				rqi:     .byte 0
>5fb3	00				tries:   .byte 0
>5fb4	00				dirty:   .byte 0
=$4c					gp       = $4c                          ; line pointer (apps own $40-$4f)
>5fb5	00 00 00 00 00 00 00 00		linebuf: .fill 48, 0
>5fbd	00 00 00 00 00 00 00 00 00 00 00 00 00 00 00 00
>5fcd	00 00 00 00 00 00 00 00 00 00 00 00 00 00 00 00
>5fdd	00 00 00 00 00 00 00 00
>5fe5	00 00 00 00 00 00 00 00		vdline:  .fill 80, 0
>5fed	00 00 00 00 00 00 00 00 00 00 00 00 00 00 00 00
;	...repeated 3 times (48 bytes)...
>602d	00 00 00 00 00 00 00 00
>6035	00 00 00 00 00 00 00 00		reqbuf:  .fill 128, 0
>603d	00 00 00 00 00 00 00 00 00 00 00 00 00 00 00 00
;	...repeated 6 times (96 bytes)...
>60ad	00 00 00 00 00 00 00 00
>60b5	00 00 00 00 00 00 00 00		catbuf:  .fill 513, 0
>60bd	00 00 00 00 00 00 00 00 00 00 00 00 00 00 00 00
;	...repeated 30 times (480 bytes)...
>62ad	00 00 00 00 00 00 00 00 00
>62b6	00 00				catn:    .word 0
>62b8	55 4f 53 2d 44 45 53 4b		dskstr: .text "uos-desktop", 0
>62c0	54 4f 50 00
>62c4	c3 4f 4d 4d 41 4e 44 20		sh_title: .text "Command shell", 0
>62cc	53 48 45 4c 4c 00
>62d2	d5 4c 54 cf d3 20 30 2e		shver:  .text "UltOS 0.3", 0
>62da	33 00
>62dc	c4 c9 d2 20 c3 c1 d4 20		sh_hint: .text "DIR CAT RUN DEL COPY REN VER IP TIME GET EXIT", 0
>62e4	d2 d5 ce 20 c4 c5 cc 20 c3 cf d0 d9 20 d2 c5 ce
>62f4	20 d6 c5 d2 20 c9 d0 20 d4 c9 cd c5 20 c7 c5 d4
>6304	20 c5 d8 c9 d4 00
>630a	53 30 3a 00			p_del2: .byte $53,$30,$3a,$00           ; "S0:" unshifted (64tass .text
>630e	44 49 52 00			msg_dird: .text "dir", 0
>6312	44 45 4c 45 54 45 44 00		msg_deld: .text "deleted", 0
>631a	43 4f 50 49 45 44 00		msg_copd: .text "copied", 0
>6321	52 45 4e 41 4d 45 44 00		msg_rend: .text "renamed", 0
>6329	4e 45 45 44 3a 20 4f 4c		msg_args: .text "need: old new", 0
>6331	44 20 4e 45 57 00
>6337	3f 00				msg_unk: .text "?", 0
>6339	43 30 3a 00			p_copy: .byte $43,$30,$3a,$00           ; "C0:" unshifted
>633d	52 30 3a 00			p_ren:  .byte $52,$30,$3a,$00           ; "R0:" unshifted
>6341	3d 30 3a 00			p_eq0:  .byte $3d,$30,$3a,$00           ; "=0:"
>6345	3d 00				p_eq:   .byte $3d,$00                   ; "="
>6347	00 00 00 00 00 00 00 00		tok2buf: .byte 0,0,0,0,0,0,0,0,0,0,0,0,0,0,0,0,0
>634f	00 00 00 00 00 00 00 00 00
>6358	00 00 00 00 00 00 00 00		stbuf:  .byte 0,0,0,0,0,0,0,0,0,0,0,0,0,0,0,0,0,0,0,0,0,0,0,0,0,0,0,0,0,0,0,0
>6360	00 00 00 00 00 00 00 00 00 00 00 00 00 00 00 00
>6370	00 00 00 00 00 00 00 00
>6378	24				dname:  .text "$"
>6379	00 00 00 00 00 00 00 00		cmdbuf: .byte 0,0,0,0,0,0,0,0,0,0,0,0,0,0,0,0,0
>6381	00 00 00 00 00 00 00 00 00
>638a	00 00 00 00 00 00 00 00		        .byte 0,0,0,0,0,0,0,0,0,0,0,0,0,0,0
>6392	00 00 00 00 00 00 00
>6399	00 00 00 00 00 00 00 00		tokbuf: .byte 0,0,0,0,0,0,0,0,0,0,0,0,0,0,0,0,0
>63a1	00 00 00 00 00 00 00 00 00
>63aa	00 00 00 00 00 00 00 00		respbuf: .fill 48, 0
>63b2	00 00 00 00 00 00 00 00 00 00 00 00 00 00 00 00
>63c2	00 00 00 00 00 00 00 00 00 00 00 00 00 00 00 00
>63d2	00 00 00 00 00 00 00 00
>63da	00 00 00 00 00 00 00 00		        .byte 0,0,0,0,0,0,0,0,0,0,0,0,0,0,0,0,0,0
>63e2	00 00 00 00 00 00 00 00 00 00
>63ec	00 00 00 00 00 00 00 00		oldbuf: .byte 0,0,0,0,0,0,0,0,0,0,0,0,0,0,0,0,0
>63f4	00 00 00 00 00 00 00 00 00
>63fd	00 00 00 00 00 00 00 00		        .byte 0,0,0,0,0,0,0,0,0,0,0,0,0,0,0
>6405	00 00 00 00 00 00 00
>640c	00 00 00 00 00 00 00 00		respold: .fill 48, 0
>6414	00 00 00 00 00 00 00 00 00 00 00 00 00 00 00 00
>6424	00 00 00 00 00 00 00 00 00 00 00 00 00 00 00 00
>6434	00 00 00 00 00 00 00 00
>643c	00 00 00 00 00 00 00 00		        .byte 0,0,0,0,0,0,0,0,0,0,0,0,0,0,0,0,0,0
>6444	00 00 00 00 00 00 00 00 00 00
>644e	00 00 00 00 00 00 00 00		oldmode:.byte 0,0,0,0,0,0,0,0,0,0,0,0,0,0,0,0,0,0,0,0
>6456	00 00 00 00 00 00 00 00 00 00 00 00
>6462	00 00 00 00 00 00 00 00		        .byte 0,0,0,0,0,0,0,0,0,0,0,0,0,0,0,0,0,0
>646a	00 00 00 00 00 00 00 00 00 00
>6474	00				namlen: .byte 0
>6475	00				prev_row: .byte 0
>6476	00				painted: .byte 0                        ; rows are on screen (XOR bookkeeping)
>6477	00				fci:    .byte 0
>6478	00 00 00 00 00 00 00 00		fncmd:  .byte 0,0,0,0,0,0,0,0,0,0,0,0,0,0,0,0,0     ; "C0:"+16+"=0:"+16+NUL = 39
>6480	00 00 00 00 00 00 00 00 00
>6489	00 00 00 00 00 00 00 00		        .byte 0,0,0,0,0,0,0,0,0,0,0,0,0,0,0,0,0,0,0,0,0,0,0,0
>6491	00 00 00 00 00 00 00 00 00 00 00 00 00 00 00 00
>64a1	00 00 00 00 00 00		        .byte 0,0,0,0,0,0
>64a7	00				dseof:  .byte 0
>64a8	00				dsfirst: .byte 0
>64a9	00 00 00 00 00 00 00 00		fnbuf:  .byte 0,0,0,0,0,0,0,0,0,0,0,0,0,0,0,0,0
>64b1	00 00 00 00 00 00 00 00 00
>64ba	00 00 00 00 00 00 00 00		dline:  .byte 0,0,0,0,0,0,0,0,0,0,0,0,0,0,0,0,0,0,0,0,0,0,0,0,0,0,0,0,0,0,0,0
>64c2	00 00 00 00 00 00 00 00 00 00 00 00 00 00 00 00
>64d2	00 00 00 00 00 00 00 00

;******  End of listing
